"","Factor 1","Factor 2","Factor 3","Factor 4"
"ENSG00000278783",0.236677512526512,0.099155068397522,-0.0756297931075096,-2.06342917863367e-07
"ENSG00000276733",0.132302358746529,0.218221053481102,-0.0350487977266312,1.1993516864095e-06
"ENSG00000266019",-0.0311573669314384,-0.0194503720849752,-0.0446881018579006,6.94135906087467e-07
"ENSG00000207816",0.138175442814827,0.245736509561539,-0.0900535956025124,1.12835243726295e-06
"ENSG00000207744",-0.0575613640248775,-0.0659478381276131,-0.0512254275381565,1.45591195632733e-06
"ENSG00000278267",-0.0895632952451706,-0.07636758685112,-0.0627352371811867,-0.000268149422481656
"ENSG00000221025",0.172140821814537,0.129007533192635,-0.0165240131318569,-9.75480134002282e-07
"ENSG00000207559",0.149464026093483,0.0102135725319386,0.115680314600468,-8.39635958982399e-07
"ENSG00000207736",0.017175480723381,0.168620362877846,0.112140089273453,-1.13249243440805e-05
"ENSG00000275110",-0.153032869100571,-0.0719055980443954,-0.0438585430383682,6.71855318046255e-08
"ENSG00000199161",-0.0640992373228073,0.0320984460413456,-0.0170081332325935,-4.13755105910241e-06
"ENSG00000283971",0.103620916604996,0.0157311260700226,-0.0189189352095127,1.21867799407482e-06
"ENSG00000265465",0.0570262707769871,-0.0379997864365578,0.0546899922192097,-1.3304821550264e-05
"ENSG00000264357",-0.114933602511883,-0.00153594394214451,-0.00924757774919271,-1.14896329250769e-06
"ENSG00000266174",0.211956202983856,0.0414169505238533,-0.0241862889379263,-1.90972718883131e-06
"ENSG00000264266",0.0637973472476006,-0.028695996850729,-0.117298848927021,-2.13795942727302e-06
"ENSG00000265660",0.052981898188591,0.0688682496547699,0.173998147249222,2.91327546619868e-06
"ENSG00000284266",0.167094215750694,0.0726153552532196,0.0553018525242805,3.73294096789323e-06
"ENSG00000265215",-0.0125707928091288,0.341977685689926,0.0482513308525085,-7.14266604973091e-07
"ENSG00000208028",-0.0538777634501457,-0.0782272666692734,0.0202660895884037,2.59057372886673e-07
"ENSG00000207870",-0.127033695578575,-0.0153224356472492,0.0736693292856216,3.79562243324472e-06
"ENSG00000266721",0.159661054611206,0.00379736465401947,-0.157330200076103,-3.36564494318736e-06
"ENSG00000264370",-0.0977919697761536,-0.00513525865972042,-0.106172204017639,1.22007588743145e-06
"ENSG00000207933",-0.0179277919232845,-0.00523837190121412,-0.0569154694676399,3.07946470456955e-06
"ENSG00000221598",0.0493097901344299,0.1951664686203,0.0500653609633446,-7.45973102311837e-06
"ENSG00000266189",0.116569995880127,0.0216244980692863,-0.0500003769993782,9.72764269135951e-08
"ENSG00000278108",0.0875134840607643,0.093906544148922,-0.0405679009854794,-4.08300138587947e-06
"ENSG00000207971",0.0445136912167072,-0.0224549863487482,0.00599211547523737,9.75683069555089e-05
"ENSG00000199038",-0.0894134193658829,-0.0411276146769524,-0.0713925957679749,2.92148541802817e-07
"ENSG00000275344",-0.0718226209282875,-0.155280455946922,0.0650908425450325,1.25724818644812e-06
"ENSG00000207864",-0.130760207772255,0.00628019357100129,-0.039148710668087,-1.26877339425846e-05
"ENSG00000263515",0.092349499464035,0.0949862748384476,-0.0621612295508385,0.000176100773387589
"ENSG00000264534",0.0497123450040817,0.0362964421510696,0.00224519544281065,-1.84727866781031e-06
"ENSG00000266307",0.135356217622757,-0.0180511474609375,-0.0153104998171329,-4.64666300104e-06
"ENSG00000266750",-0.0226525031030178,-0.00129990745335817,0.114790037274361,8.4686980699189e-06
"ENSG00000276712",-0.0320784784853458,-0.0538290962576866,0.0097268195822835,-2.88268256554147e-06
"ENSG00000276365",-0.0589791126549244,0.0168182849884033,-0.0486948862671852,-1.04027822089847e-05
"ENSG00000207563",-0.145371660590172,0.00808197539299726,-0.0731088668107986,-2.29941110774234e-06
"ENSG00000199053",-0.0267036035656929,-0.0552631765604019,-0.0246053002774715,-2.01482225747895e-06
"ENSG00000264834",0.115186884999275,0.146850064396858,0.0406172759830952,1.17335196136992e-06
"ENSG00000266124",-0.011789039708674,0.0162938479334116,-0.0465038865804672,3.94004064219189e-06
"ENSG00000207585",0.0531860180199146,0.0162763316184282,-0.0404889956116676,-4.98616365973703e-08
"ENSG00000274494",-0.00971464160829782,-0.0462112352252007,-0.0119973933324218,5.16123805027746e-07
"ENSG00000263834",-0.0220105051994324,0.217968001961708,0.0252995248883963,-1.85378269179637e-07
"ENSG00000207954",0.0444094873964787,0.0534810572862625,-0.0319513231515884,2.86539921035001e-06
"ENSG00000266235",0.000859552586916834,-0.000145926809636876,-0.0608538053929806,-2.64368213720445e-06
"ENSG00000211513",-0.0828429311513901,-0.0442772395908833,0.0392203740775585,-1.94498679775279e-05
"ENSG00000266104",0.0184506941586733,-0.0455110520124435,-0.0011439680820331,2.07168818633363e-06
"ENSG00000207721",0.0133479312062263,0.00512453820556402,-0.000993902795016766,1.72331215253507e-06
"ENSG00000266852",0.0856269672513008,0.133991077542305,-0.00233142473734915,2.54017390943773e-06
"ENSG00000277249",-0.0218759346753359,-0.0695010423660278,0.0426449254155159,-0.00117211032193154
"ENSG00000207789",0.0385990627110004,-0.00590264657512307,-0.0595355555415154,-8.44236819830257e-06
"ENSG00000207631",0.0406999140977859,0.00806882418692112,0.0120499171316624,-1.26076577089407e-06
"ENSG00000266559",-0.137769445776939,-0.0545821748673916,0.0757638141512871,-5.63263427011407e-07
"ENSG00000278739",-0.0481003485620022,-0.049338061362505,-0.012847950682044,-1.13854423489101e-06
"ENSG00000211997",0.0114813838154078,-0.0761577263474464,0.0562182292342186,-1.34096092097025e-06
"ENSG00000265112",-0.07396200299263,-0.0351372621953487,-0.0877341628074646,1.01546302175848e-05
"ENSG00000199036",0.0460451506078243,-0.0963489934802055,0.0416454002261162,-3.86471086244455e-08
"ENSG00000283676",0.00200376124121249,0.00756795192137361,0.126514926552773,-2.83658500848105e-05
"ENSG00000264539",0.105939492583275,0.0322890728712082,-0.0390832684934139,-4.38769347965717e-06
"ENSG00000277681",0.00577420461922884,-0.0363565944135189,-0.0243899170309305,-1.25934175230213e-05
"ENSG00000266640",-0.14104688167572,0.0146284848451614,-0.0301289632916451,-3.87376858270727e-05
"ENSG00000283929",0.0354210361838341,0.0188015829771757,-0.0529904663562775,2.36003506870475e-06
"ENSG00000263675",-0.014360555447638,0.00524095632135868,0.020311500877142,-1.05519457065384e-05
"ENSG00000283672",0.148858487606049,0.071285717189312,0.00715109100565314,-4.29247374995612e-05
"ENSG00000274824",-0.037071418017149,0.0713336691260338,0.0408277101814747,-6.65269544697367e-06
"ENSG00000207697",0.165645807981491,0.0918552279472351,-0.00551495980471373,-3.83790450086963e-07
"ENSG00000207575",0.215203434228897,0.00553163141012192,-0.0884977504611015,-1.16189617926921e-07
"ENSG00000264425",-0.0863587483763695,-0.023362735286355,-0.0333506800234318,-1.76864875811589e-06
"ENSG00000284154",-0.0920407548546791,-0.0972573086619377,0.060509342700243,0.000143673387356102
"ENSG00000276404",0.0343812070786953,-0.0929771885275841,-0.0798116698861122,3.39515145242331e-06
"ENSG00000199172",0.0749223530292511,0.0927225202322006,-0.0710085108876228,-7.60267425903294e-07
"ENSG00000276961",-0.0836457163095474,-0.0482629016041756,0.127867594361305,2.39497990150994e-06
"ENSG00000265539",-0.00986770167946815,0.00380923645570874,-0.0589499585330486,-1.02372098353953e-07
"ENSG00000266712",0.0425323955714703,0.00646056281402707,0.0591982044279575,-1.25780763937655e-06
"ENSG00000211581",-0.0603163354098797,-0.0311858542263508,0.00892230775207281,-1.10327187030634e-06
"ENSG00000221269",0.0533879175782204,-0.000267192895989865,-0.0270740855485201,4.33235845775926e-06
"ENSG00000264553",-0.0931328535079956,-0.0558299943804741,0.0224142409861088,1.38876487199013e-06
"ENSG00000207973",-0.0192439462989569,-0.0832879766821861,-0.0943321734666824,-1.70172679645475e-05
"ENSG00000266017",0.135457545518875,-0.0187142323702574,-0.00305970665067434,3.53328414348653e-06
"ENSG00000207611",-0.118225000798702,0.011410859413445,-0.0307237431406975,2.03627723749378e-06
"ENSG00000264720",0.12450298666954,0.00863491464406252,-0.00298199779354036,5.89819092056132e-06
"ENSG00000207741",-0.0647686496376991,-0.0116990841925144,-0.0327457822859287,-9.8730959052773e-07
"ENSG00000273874",0.0246190782636404,-0.00359836989082396,-0.0169192291796207,-2.02269262672417e-07
"ENSG00000277892",0.0174195393919945,0.00389123382046819,0.042754951864481,-6.11811174167087e-06
"ENSG00000207696",0.0909471660852432,0.065721794962883,-0.0121200764551759,2.91454648504441e-06
"ENSG00000264773",-0.080372579395771,-0.0951247289776802,0.108346655964851,4.08201543677933e-07
"ENSG00000221540",-0.0355336293578148,0.0034554866142571,-0.0455017499625683,-3.15289668151308e-07
"ENSG00000221520",0.0337284989655018,0.0471837744116783,-0.0786049664020538,-3.68189721484669e-05
"ENSG00000264279",0.0380538143217564,0.0911105275154114,0.0461371093988419,3.04257537209196e-06
"ENSG00000264395",0.14227120578289,-0.0500584952533245,0.0294612441211939,-1.18823245429667e-05
"ENSG00000275022",-0.10185880959034,-0.0520992316305637,0.0663437992334366,1.91705453289615e-06
"ENSG00000211491",0.0191230140626431,0.143166586756706,0.012338288128376,8.50953711051261e-06
"ENSG00000199023",-0.0858441963791847,0.0841508135199547,0.0132129481062293,-6.96107065323304e-07
"ENSG00000264056",0.0703507885336876,0.006044149864465,0.00918364897370338,-6.77285754591139e-07
"ENSG00000265996",0.0639018565416336,0.0432358458638191,0.0284199323505163,5.98542237639776e-06
"ENSG00000283409",0.0602161884307861,0.0187278427183628,0.0167493745684624,1.18392358672281e-06
"ENSG00000264961",0.0555585250258446,0.00660935696214437,-0.0728520601987839,-3.89029082725756e-06
"ENSG00000265195",0.0980238914489746,-0.0144603354856372,0.0417625084519386,-2.12210829886317e-06
"ENSG00000263361",-0.0323361605405807,0.0620464831590652,0.0369099192321301,-9.88208284979919e-06
"ENSG00000278418",0.0324669033288956,-0.00954319164156914,0.0514264404773712,-1.06010509171028e-06
"ENSG00000274816",-0.0963104665279388,0.00077697221422568,0.0815724804997444,4.2568703975121e-06
"ENSG00000266370",0.0832766368985176,0.0112879956141114,-0.0604396983981133,9.54058350544074e-07
"ENSG00000283498",-0.162358626723289,-0.0227429401129484,-0.00451486418023705,-7.55423980081105e-06
"ENSG00000266240",0.0819388180971146,0.0266020465642214,-0.00990853272378445,-3.57660474037402e-06
"ENSG00000283891",0.0143468668684363,0.229691252112389,0.0338290445506573,1.77760250608117e-06
"ENSG00000208037",0.013487933203578,-0.0161198116838932,-0.000908969959709793,1.54252597894811e-06
"ENSG00000264864",-0.0450063869357109,-0.00365077401511371,-0.0793160870671272,-1.67860150668275e-06
"ENSG00000211575",-0.0441965349018574,0.101042330265045,0.0351831093430519,3.68057553714607e-05
"ENSG00000199024",-0.00426343828439713,0.125158429145813,-0.0101045332849026,9.34823037823662e-06
"ENSG00000266643",0.081572137773037,0.0585298016667366,-0.0388167500495911,-1.91447679753765e-06
"ENSG00000207815",0.109612673521042,-0.00163962540682405,-0.0845211744308472,3.47319792126655e-06
"ENSG00000208032",-0.0220753084868193,0.182587772607803,0.0183281153440475,1.15991033453611e-05
"ENSG00000264201",0.0160084068775177,0.0489850752055645,-0.0413742773234844,2.08548567570688e-06
"ENSG00000276830",-0.0357267297804356,-0.0544413030147552,0.125346153974533,8.49777109124261e-07
"ENSG00000221634",0.0548524968326092,0.00154639990068972,-0.0385806784033775,-5.75630338062183e-06
"ENSG00000265874",0.0471216924488544,0.00154605670832098,0.0594592206180096,2.25035591938649e-06
"ENSG00000266589",0.0320453718304634,-0.0090411975979805,-0.0322848260402679,-3.9769297472958e-06
"ENSG00000265658",-0.0563949048519135,-0.0496696047484875,0.1070162281394,1.2589720199685e-06
"ENSG00000266555",0.0240914598107338,0.0196985490620136,-0.0396469160914421,5.38510448677698e-06
"ENSG00000221184",0.114797055721283,0.00101756979711354,-0.0221447758376598,1.03073716672952e-06
"ENSG00000276926",-0.0505676381289959,-0.0800778120756149,0.061027254909277,1.0035689228971e-05
"ENSG00000207613",0.0378417447209358,0.0392959378659725,-0.0156953874975443,-9.25748281588312e-06
"ENSG00000264757",-0.00764481583610177,-0.0229184329509735,-0.0360086858272552,-1.26641430142627e-06
"ENSG00000273555",-0.0405429042875767,-0.0534414723515511,0.004841900896281,-1.42816622883402e-06
"ENSG00000264500",0.00474866991862655,0.0341805480420589,-0.00472099659964442,-3.66942526852654e-06
"ENSG00000264349",-0.0717114433646202,-0.0290781613439322,-0.0223640911281109,-5.03570572618628e-06
"ENSG00000264814",0.116343542933464,0.0588102303445339,-0.019712233915925,-1.19118544716912e-06
"ENSG00000274620",0.0481476187705994,0.0020063454285264,-0.0432614423334599,8.88441093138681e-07
"ENSG00000276580",0.0654910877346992,0.0101470677182078,0.0012400959385559,-7.01379917700251e-07
"ENSG00000278598",0.00612318655475974,0.00539065524935722,-0.0297920443117619,-4.08986807087786e-06
"ENSG00000208036",-0.0271946433931589,-0.0815675184130669,-0.0453012548387051,-1.47002776884619e-06
"ENSG00000265102",-0.028572166338563,-0.0311153065413237,-0.018865279853344,-1.68751307683124e-06
"ENSG00000283160",-0.00546082109212875,0.0687302500009537,-0.0182033348828554,4.83766825709608e-06
"ENSG00000221737",0.0254238788038492,-0.00111375702545047,0.0661836341023445,-1.66293307302112e-06
"ENSG00000277759",-0.00273735052905977,-0.0250242315232754,0.0295071583241224,-3.39621237799292e-06
"ENSG00000274134",-0.0448207929730415,-0.032164491713047,0.131299465894699,-1.53273015257582e-06
"ENSG00000265137",-0.0138807520270348,0.00287042185664177,-0.0421806834638119,3.80643973585393e-06
"ENSG00000274066",0.00414287578314543,-0.00675171613693237,0.0119826924055815,6.19872480456252e-07
"ENSG00000199179",-0.0980250015854836,-0.0438504256308079,-0.0380799360573292,3.79336654532381e-07
"ENSG00000207625",-0.0532259419560432,0.0897829532623291,-0.00594174768775702,-3.56171040039044e-05
"ENSG00000278517",0.0930589959025383,-0.00724756810814142,0.044537391513586,-2.76713717539678e-06
"ENSG00000221406",0.0570262894034386,0.0095497127622366,-0.00463422108441591,-3.77226297132438e-06
"ENSG00000265806",0.0956124067306519,0.0285805258899927,-0.0531936995685101,4.01926308768452e-06
"ENSG00000207959",-0.0428254753351212,0.0384488590061665,-0.0331744439899921,8.75104035458207e-07
"ENSG00000265252",-0.0271353591233492,-0.076377734541893,-0.0311977546662092,-2.35425929417943e-07
"ENSG00000265321",0.0283167436718941,-0.110496617853642,0.0334121137857437,-3.20442495649331e-06
"ENSG00000215943",-0.0287545584142208,0.130140870809555,0.0580141879618168,1.52182485635421e-06
"ENSG00000238728",0.0356785878539085,0.000230016536079347,-0.0366271138191223,5.44421845916077e-06
"ENSG00000199121",-0.0634075254201889,-0.0205888617783785,0.0049998490139842,2.21619089302294e-07
"ENSG00000278281",-0.0125103993341327,0.00329150352627039,0.0582618452608585,-1.040343704517e-06
"ENSG00000207650",-0.0189596842974424,-0.00418837741017342,-0.124636232852936,-4.37350217907806e-06
"ENSG00000265452",0.0748418122529984,0.0595661029219627,0.0987229645252228,1.10021426280582e-06
"ENSG00000265429",0.0367462001740932,-0.0225818660110235,-0.0185312610119581,-1.58865054800117e-06
"ENSG00000266463",0.140061318874359,-0.00485267862677574,0.0441363416612148,-5.32886019755097e-07
"ENSG00000274621",0.0377718657255173,0.00643691280856729,0.00501480279490352,3.10661107505439e-06
"ENSG00000207647",0.0184170491993427,0.126114428043365,-0.107061237096786,0.000216401065699756
"ENSG00000207554",0.0955449193716049,0.0219377093017101,-0.036304522305727,-6.74406328471377e-06
"ENSG00000277521",0.0340572074055672,0.103531949222088,0.0236711408942938,3.01112140732585e-05
"ENSG00000283475",0.00567896105349064,0.033249594271183,0.0616131946444511,-4.82439918414457e-06
"ENSG00000265370",0.0316156484186649,0.0122374268248677,0.0636478438973427,-3.52324423147365e-06
"ENSG00000215973",-0.0584818869829178,1.49960251292214e-05,-0.0212557539343834,-1.80364580160131e-07
"ENSG00000265450",0.0792187303304672,0.0234203785657883,-0.0755014270544052,4.61843274024432e-06
"ENSG00000265201",0.00501422118395567,-0.0392810516059399,-0.00589099153876305,-1.11612607724965e-05
"ENSG00000266297",-0.0424075312912464,0.0116051509976387,-0.0492748841643333,-2.24583936869749e-06
"ENSG00000207757",-0.0360679738223553,-0.020304124802351,-0.041253499686718,3.90981995224138e-06
"ENSG00000265345",-0.058555081486702,-0.00903474912047386,0.0245202705264091,1.7807104086387e-05
"ENSG00000199158",0.105369225144386,0.0401247963309288,-0.131723240017891,1.09597715436394e-06
"ENSG00000274034",-0.0599505305290222,-0.0909088477492332,0.07803625613451,-1.8954331153509e-06
"ENSG00000277052",0.0619976334273815,-0.0412567295134068,0.00971098616719246,5.66382459510351e-06
"ENSG00000276641",0.0296053383499384,-0.0629843100905418,0.013200500048697,5.05988055010675e-06
"ENSG00000207956",0.0275853965431452,0.0134557718411088,0.0155335078015924,-4.22056109528057e-06
"ENSG00000265407",-0.0931947231292725,-0.00522406678646803,0.0200872998684645,2.89979152512387e-06
"ENSG00000264319",-0.0477529391646385,0.313008636236191,0.0169271752238274,-1.92077845895255e-06
"ENSG00000277138",0.00626389309763908,0.0667514279484749,-0.0124171674251556,1.69178576925333e-06
"ENSG00000265871",-0.0163423828780651,-0.018321018666029,0.0832247212529182,1.29768363876792e-06
"ENSG00000216031",-0.0552793741226196,-0.0627301707863808,0.007926638238132,-2.55663653661031e-05
"ENSG00000264931",-0.0563124492764473,-0.0172473285347223,0.0502154864370823,-2.0880354441033e-06
"ENSG00000266533",0.0166115835309029,-0.0174566507339478,-0.0435132719576359,-5.89539831707953e-06
"ENSG00000278420",-0.0802325084805489,-0.0181928742676973,0.0119572132825851,-1.584984602232e-05
"ENSG00000253030",-0.0587274208664894,-0.0315590053796768,0.0265878140926361,-4.37661810792633e-06
"ENSG00000266245",0.0152212008833885,-0.0497075207531452,0.0392621718347073,2.11093697544129e-06
"ENSG00000276575",-0.0537361428141594,0.00372998719103634,0.00614374596625566,5.97501093579922e-05
"ENSG00000265527",-0.0621094591915607,0.0128718512132764,0.0527593232691288,5.50755112271872e-06
"ENSG00000216098",0.0111283948644996,0.0924289599061012,0.0983838886022568,3.38473705596698e-06
"ENSG00000266392",0.0502791665494442,0.0596204772591591,0.0378078632056713,8.42780536913779e-06
"ENSG00000278596",-0.0609892345964909,-0.00432819267734885,-0.000693554000463337,-6.98477333571645e-06
"ENSG00000280968",0.000694466463755816,-0.0165158212184906,0.0327045023441315,-1.26536417610623e-06
"ENSG00000208002",-0.0501158609986305,-0.0108842607587576,-0.0122100319713354,-4.67678637505742e-06
"ENSG00000263926",0.130007952451706,0.0389342866837978,-0.116654723882675,-4.12809386034496e-05
"ENSG00000207725",-0.10249000787735,-0.045657392591238,0.0762579664587975,1.03447405308543e-06
"ENSG00000207547",0.0059785395860672,-0.0993625223636627,-0.0866066217422485,-1.46240921594654e-07
"ENSG00000275640",-0.000889606715645641,-0.0235907938331366,0.0285892747342587,-1.3512301393348e-06
"ENSG00000208018",-0.0677646026015282,0.0071437107399106,-0.00307505507953465,0.000196226552361622
"ENSG00000238517",0.0121582048013806,0.0072158444672823,0.0508322715759277,2.82639985016431e-06
"ENSG00000207588",0.000862964021507651,-0.00614129519090056,-0.00689846416935325,2.29352536962324e-07
"ENSG00000265917",0.143664225935936,0.0261108968406916,-0.0569884292781353,1.18977970942069e-06
"ENSG00000274300",-0.0170205570757389,-0.00474867038428783,-0.00289431470446289,4.53791153631755e-06
"ENSG00000283468",0.0692703500390053,-0.0405820906162262,0.0960805416107178,-0.00292847212404013
"ENSG00000221464",0.0636366903781891,0.00673681683838367,-0.0781629458069801,1.15284376533964e-06
"ENSG00000264468",0.0330620445311069,0.0128561994060874,0.0663914084434509,-3.10182040266227e-05
"ENSG00000264175",-0.113352604210377,-0.0393282622098923,-0.00367621099576354,-1.87227828973846e-06
"ENSG00000266232",-0.0428881943225861,0.0156509038060904,-0.0273074749857187,-2.42765645452891e-06
"ENSG00000277387",0.00877207145094872,-0.0485517121851444,0.0235716328024864,7.0118886696946e-07
"ENSG00000284059",-0.0364736020565033,-0.0100417947396636,-0.00962119735777378,-2.58473301073536e-06
"ENSG00000207750",-0.0369061678647995,-0.010330774821341,-0.0163133274763823,7.15096530257142e-06
"ENSG00000207642",-0.0140713099390268,0.00702815921977162,-0.0196944829076529,0.000131264605442993
"ENSG00000266676",-0.0945121720433235,0.110779695212841,0.028318639844656,-2.92671957140556e-05
"ENSG00000265462",-0.0367639251053333,-0.00702563254162669,0.00849182438105345,-1.06152201624354e-05
"ENSG00000275789",0.00628330837935209,0.0262586027383804,-0.000616093282587826,-3.49051504144882e-07
"ENSG00000199030",-0.0645062625408173,-0.0087208291515708,0.00238213478587568,-1.78699428943219e-05
"ENSG00000263979",-0.0484318695962429,0.0130243878811598,0.0464504808187485,-7.12705741534592e-07
"ENSG00000264999",0.0951392129063606,-0.0265983790159225,0.0171662010252476,-6.26378005108563e-06
"ENSG00000266668",0.0635746940970421,0.00227747880853713,0.0170354526489973,-3.58200296091127e-08
"ENSG00000212024",-0.0160172153264284,0.00996803119778633,-0.00726705370470881,-4.4452144720708e-07
"ENSG00000198984",0.0314330086112022,-0.00188225356396288,-0.045630969107151,-8.71439351612935e-06
"ENSG00000207693",0.0194153152406216,0.00427994364872575,-0.00894037913531065,3.29386580233404e-06
"ENSG00000207574",0.0362861752510071,0.00197222479619086,0.038790050894022,-3.82309735869057e-06
"ENSG00000275810",-0.0383030436933041,-0.0153364054858685,0.0474198795855045,-2.00755234658345e-08
"ENSG00000266782",-0.00409257132560015,0.149594813585281,0.0441878661513329,1.29370182548882e-05
"ENSG00000284402",-0.037008810788393,-0.00047351757530123,-0.00185593438800424,-3.22483629133785e-06
"ENSG00000274986",-0.0244066882878542,0.00655649602413177,0.00723860273137689,1.32483100969694e-05
"ENSG00000264354",0.00767601141706109,0.0494890958070755,0.00904277060180902,2.61875102296472e-05
"ENSG00000266315",-0.0759825929999352,-0.0851191133260727,0.0172063373029232,-1.46375432450441e-05
"ENSG00000207737",0.0309857726097107,-0.011175743304193,-0.0486700534820557,5.69784015169716e-06
"ENSG00000278447",-0.0768918618559837,-0.00648506078869104,0.0114865889772773,-1.56895312102279e-05
"ENSG00000274805",-0.0576223433017731,-0.00829751882702112,-0.0383749306201935,-2.27397640628624e-06
"ENSG00000277588",-0.0538577325642109,-0.00574488984420896,0.0123414779081941,1.51603871927364e-05
"ENSG00000199082",-0.0304639432579279,-0.0154570015147328,0.0654970481991768,6.03210810368182e-06
"ENSG00000283296",-0.0115693993866444,-0.0580662190914154,0.0242568776011467,-7.00143914400542e-07
"ENSG00000263643",0.00852914527058601,0.0101667623966932,-0.0139198042452335,-6.48477794129576e-07
"ENSG00000199075",-0.0150553872808814,0.0296627711504698,0.0190549083054066,4.93758998345584e-05
"ENSG00000265561",-0.0670113787055016,-0.00814407505095005,0.0753520801663399,-1.25747646961827e-06
"ENSG00000264314",0.0349921211600304,0.00325383781455457,-0.0958220362663269,-4.52853237220552e-06
"ENSG00000264226",0.0367779135704041,-0.0016011445550248,-0.0143091771751642,5.41717381565832e-05
"ENSG00000263712",0.0282422341406345,0.0329107530415058,0.0316181033849716,4.26617079938296e-05
"ENSG00000277478",-0.146782368421555,-0.0573890134692192,-0.0520935654640198,-1.10206009651392e-07
"ENSG00000273500",0.015632901340723,-0.00326112820766866,0.00965657457709312,-9.06388686416904e-06
"ENSG00000207752",-0.0163484159857035,-0.00507191615179181,-0.0199955739080906,-1.12298096155428e-06
"ENSG00000283429",-0.11989426612854,-0.0289029031991959,0.0355775132775307,-1.69388840731699e-05
"ENSG00000264810",0.0225613508373499,0.0535312443971634,-0.0590795427560806,-1.64439370564651e-06
"ENSG00000207839",-0.0410343855619431,-0.00533202523365617,0.0616636537015438,5.73161878492101e-06
"ENSG00000264675",-0.014640131033957,-0.0164534728974104,-0.0514499917626381,2.28284147851809e-06
"ENSG00000265178",-0.05370057746768,0.00386652513407171,-0.0208095479756594,5.31651357960072e-06
"ENSG00000263681",-0.107681639492512,-0.00109755049925297,0.0286493301391602,-8.22607375994266e-07
"ENSG00000277590",-0.0438666418194771,-0.0256266016513109,0.0158119630068541,-3.35908316628775e-06
"ENSG00000276029",0.0256071239709854,-0.0141653520986438,-0.00554231600835919,-4.49587923867512e-06
"ENSG00000208009",0.0221436284482479,0.0303161051124334,-0.0223399195820093,-3.77491187464329e-06
"ENSG00000266745",-0.0336595624685287,-0.0104013327509165,-0.0105201108381152,-1.77925198840967e-06
"ENSG00000264429",-0.0559963434934616,0.000779100228101015,0.0676417648792267,6.00031762587605e-06
"ENSG00000207561",-0.154243007302284,0.0133783426135778,0.0343602821230888,-6.66616983835411e-07
"ENSG00000211568",-0.0163758490234613,0.13839416205883,-0.00857082940638065,-1.23133645502094e-06
"ENSG00000221230",0.0514626987278461,1.60075273925031e-06,-0.0171064995229244,-5.81169899760425e-07
"ENSG00000207612",-0.0154017154127359,0.109011188149452,0.0249576903879642,-1.91225853996002e-06
"ENSG00000276489",0.111625544726849,0.0337675511837006,-0.0724608972668648,8.0679483289714e-06
"ENSG00000265724",-0.0254510417580605,0.00662429444491863,-0.0135882627218962,3.13864484269288e-06
"ENSG00000284158",-0.0359622575342655,-0.00320320622995496,0.0146414563059807,-7.43011742088129e-06
"ENSG00000264901",-0.129900604486465,-0.0168152917176485,0.00645822333171964,-5.45281955055543e-06
"ENSG00000221669",-0.0665169954299927,-0.0530927777290344,-0.000274886726401746,-2.72965849035245e-06
"ENSG00000266580",-0.0669535920023918,-0.00393664184957743,-0.0552869588136673,-1.30692633319995e-05
"ENSG00000263800",-0.0185192301869392,-0.0209332890808582,0.000211743463296443,-6.36544518783921e-06
"ENSG00000266107",-0.0241718571633101,0.089829683303833,0.00487378472462296,7.10578160578734e-06
"ENSG00000263512",0.0490549355745316,-0.0167086068540812,-0.0356420241296291,5.52627852812293e-06
"ENSG00000216001",-0.075852245092392,-0.0753641873598099,-0.00986859761178493,2.07160292120534e-06
"ENSG00000265820",-0.026599669829011,0.000717034854460508,0.0302181877195835,-1.47231446590013e-06
"ENSG00000207975",-0.0679007023572922,-0.00898438785225153,0.0157576818019152,3.76614320884983e-06
"ENSG00000265390",-0.0264831390231848,-0.023237394168973,-0.00525037199258804,-1.58250932145165e-05
"ENSG00000221275",-0.0694982185959816,-0.01824083738029,0.106027439236641,-0.000119554337288719
"ENSG00000207609",0.0133279608562589,0.0399440564215183,-0.0036268038675189,-1.57389240484918e-05
"ENSG00000266146",-0.0104418266564608,-0.0419137328863144,0.0501097999513149,-1.16915396120021e-06
"ENSG00000221763",0.02611143887043,-0.000855405698530376,-0.0510230325162411,-2.6683544547268e-06
"ENSG00000199135",-0.0475421622395515,0.0032895898912102,0.0329487100243568,4.85515829495853e-06
"ENSG00000199150",-0.0340868346393108,0.0103376619517803,-0.0348912477493286,5.4774833557758e-08
"ENSG00000271886",-0.0290628839284182,-0.00943294633179903,0.00363304140046239,-8.63378943449788e-07
"ENSG00000211514",0.033798236399889,-0.00446456158533692,-0.00952804367989302,3.42126941177412e-06
"ENSG00000266318",0.0635284334421158,-0.0225673783570528,0.0186333302408457,1.05754807009362e-05
"ENSG00000276169",-0.0560971423983574,-0.00400882260873914,0.00053928536362946,3.31585351887043e-06
"ENSG00000265520",-0.019603805616498,0.0518203638494015,0.0755361467599869,-2.98116356134415e-06
"ENSG00000199122",-0.020670086145401,-0.016964141279459,0.0150652965530753,-1.77565243575373e-06
"ENSG00000199102",-0.0417099483311176,-0.0337439514696598,-0.0228131171315908,-4.92098570248345e-06
"ENSG00000199047",-0.0205537509173155,0.00682389829307795,-0.0259560458362103,-1.2671337572101e-05
"ENSG00000207927",-0.00711965328082442,-0.0269758179783821,0.0249638129025698,7.50487015466206e-06
"ENSG00000207614",-0.0667771100997925,-0.0463405624032021,0.00553805846720934,2.70545615421725e-06
"ENSG00000264386",-0.0594460591673851,-0.0223780386149883,0.0376292802393436,2.02264345716685e-05
"ENSG00000207635",0.0034873909316957,0.031282689422369,0.0576818063855171,4.43791634552326e-07
"ENSG00000207729",-0.0575678683817387,-0.0584149099886417,0.0473615601658821,2.14009310184338e-06
"ENSG00000265444",-0.0180796980857849,-0.00211696163751185,-0.00410155113786459,1.43921597555163e-05
"ENSG00000263932",0.0192643795162439,0.0166952330619097,0.00121528399176896,-1.79160360858077e-06
"ENSG00000276147",-0.0259141195565462,-0.00376755394972861,0.0386286228895187,4.6839845708746e-06
"ENSG00000275770",-0.00194560154341161,-0.00613522483035922,0.0151981832459569,9.81029984359338e-07
"ENSG00000207963",0.0327641405165195,0.00468667782843113,0.0149875916540623,-1.09690824956488e-06
"ENSG00000266407",0.0543475635349751,0.0122205782681704,-0.0138785066083074,-1.30571049794526e-06
"ENSG00000266594",-0.035215400159359,-0.0392363294959068,0.00967084523290396,-2.48980450123781e-06
"ENSG00000276124",0.00296889618039131,-0.0118650021031499,0.00451524974778295,1.08908136553509e-06
"ENSG00000265981",-0.00032877130433917,0.0146327735856175,-0.0722452104091644,1.77081076913055e-07
"ENSG00000221445",-0.00677573774009943,0.0239888653159142,0.0468487776815891,-1.25619988011749e-06
"ENSG00000275519",-0.0207805708050728,-0.00422739936038852,0.0257707014679909,-3.10454629470769e-06
"ENSG00000221510",-0.0342522896826267,-0.0110926954075694,0.0234367568045855,-3.94014432458789e-06
"ENSG00000284575",0.0295864157378674,0.0568485595285892,-0.0440953932702541,4.0745790101937e-06
"ENSG00000207991",-0.0488985702395439,-0.000362006801879033,0.0288920551538467,2.40117560679209e-06
"ENSG00000275458",-0.0400513224303722,0.0055586420930922,-0.0269092973321676,-1.2116695415898e-06
"ENSG00000199032",-0.0630262047052383,0.00502183986827731,0.0261094700545073,-7.22330412372685e-07
"ENSG00000221493",-0.0346741713583469,-0.0178416464477777,0.00452184770256281,-2.23630900109129e-06
"ENSG00000284015",-0.00656749168410897,0.0190671067684889,-0.00314775365404785,2.86046179098776e-06
"ENSG00000264292",0.030473543331027,0.005228191614151,0.0244251005351543,-1.13979899651895e-06
"ENSG00000274258",-0.083746924996376,-0.0144876232370734,0.0262524466961622,1.06164725366398e-06
"ENSG00000266531",-0.0288007725030184,-0.0122859282419086,0.00757124368101358,1.94583367374435e-06
"ENSG00000199005",-0.0618271864950657,0.0832221135497093,0.00537588819861412,-3.75057538803958e-06
"ENSG00000266203",-0.040620606392622,-0.00310934730805457,0.0231793075799942,-1.0517305781832e-05
"ENSG00000216179",-0.0625592842698097,0.0122681083157659,-0.0287593901157379,-1.75170015381809e-07
"ENSG00000207590",-0.00139691971708089,0.0020384038798511,-0.051540732383728,6.38977553535369e-06
"ENSG00000267959",-0.0170288179069757,0.0013561334926635,0.00712406076490879,9.38419901785892e-08
"ENSG00000284035",0.00160842342302203,-0.00615931954234838,0.0103129958733916,-5.78512015181332e-07
"ENSG00000278223",-0.0685892105102539,-0.00454297894611955,-0.0255241338163614,5.72522076254245e-05
"ENSG00000252466",-0.0339523181319237,-0.00152388552669436,-0.0168156996369362,-0.000188082267413847
"ENSG00000207988",0.0137289604172111,-0.00092090101679787,0.0341763682663441,7.00377722751e-06
"ENSG00000265355",0.00187882920727134,-0.0212217569351196,-0.0458851270377636,-3.06419724438456e-06
"ENSG00000199092",-0.0667243748903275,0.0123187759891152,-0.00944826379418373,-2.8801850930904e-06
"ENSG00000274713",-0.0549146458506584,0.00062414031708613,-0.0452328138053417,-3.0218568554119e-06
"ENSG00000274822",0.0125353131443262,0.00763028068467975,0.000105700506537687,4.75918022857513e-06
"ENSG00000264802",-7.74513464421034e-05,0.0210241004824638,-0.0143916606903076,2.79047208096017e-06
"ENSG00000264004",-0.0104513326659799,-0.00431549595668912,0.00619535520672798,-0.000212604441912845
"ENSG00000265867",-0.0405128002166748,-0.0195234920829535,-0.00768698239699006,1.14030740405724e-06
"ENSG00000263511",-0.00569505104795098,-0.0121850781142712,0.0103952111676335,-5.15549231749901e-07
"ENSG00000207719",-0.0176337026059628,0.00601536361500621,0.0235938485711813,-4.25218149757711e-06
"ENSG00000265623",0.00544197484850883,-0.0115635506808758,0.0461233928799629,4.25020971306367e-07
"ENSG00000207627",-0.0268498323857784,-0.0298139713704586,0.0342819578945637,-8.99241786100902e-06
"ENSG00000277817",-0.0636615753173828,-0.0350827611982822,0.0121373115107417,-3.52225811184326e-06
"ENSG00000277912",0.0120332911610603,-0.00218011718243361,-0.029844032600522,1.97457870854123e-06
"ENSG00000266072",-0.00281337252818048,-0.00480507174506783,0.00716786831617355,-1.27510029415134e-05
"ENSG00000264966",-0.0277275405824184,-0.0205186530947685,0.0242021959275007,-1.19782029628368e-07
"ENSG00000207947",-0.064702220261097,-0.0444009974598885,0.0422361306846142,7.66456651035696e-07
"ENSG00000263527",-0.0332854725420475,0.0108749009668827,0.0562609620392323,9.00506711332127e-06
"ENSG00000283359",0.0134675549343228,0.00693381763994694,0.0741086378693581,5.62063587494777e-06
"ENSG00000284197",-0.0209932457655668,-0.00136792263947427,0.0312483180314302,2.17074193642475e-06
"ENSG00000199145",0.0104276584461331,-0.0383878238499165,0.0166450291872025,2.3095939468476e-05
"ENSG00000265855",-0.0873855426907539,-0.00659094797447324,0.0148576544597745,6.67476415401325e-05
"ENSG00000263641",-0.0524616576731205,-0.0146996136754751,0.0280328430235386,2.32195077387587e-07
"ENSG00000263583",-0.060926865786314,0.00526206009089947,0.00612768437713385,5.00086457577709e-07
"ENSG00000207703",0.0199620574712753,0.0105665978044271,-0.0395195707678795,-4.58030399386189e-06
"ENSG00000278658",-0.0299926232546568,0.00579164084047079,0.0270570386201143,1.04488105989731e-06
"ENSG00000284062",0.0232451837509871,-0.018579076975584,0.0228017400950193,-8.78583477970096e-07
"ENSG00000207932",-0.020785303786397,0.0409065298736095,-0.0161513891071081,2.66124402514833e-07
"ENSG00000275377",-0.00984980072826147,0.00593728851526976,-0.0202341172844172,-2.47387697527301e-06
"ENSG00000263540",0.00160108157433569,0.000309060385916382,0.005795375443995,-4.55018295042464e-07
"ENSG00000207996",-0.00504172686487436,-0.000549871998373419,-0.00390443974174559,2.91663724283353e-08
"ENSG00000221203",0.00128210638649762,-0.0708508118987083,0.0752754062414169,-1.89297031738533e-06
"ENSG00000207595",0.044416218996048,-0.0171484462916851,-0.0284946281462908,1.7266289660256e-06
"ENSG00000264358",-0.0427833199501038,-0.0245684906840324,-0.0701097100973129,1.82614585355623e-05
"ENSG00000266417",0.0486480407416821,-0.00487884832546115,0.00725286919623613,-9.17368652153527e-06
"ENSG00000264610",-0.0777593106031418,0.00321449083276093,0.0598073936998844,-1.50440773722949e-05
"ENSG00000283682",-0.157581686973572,-0.00432343455031514,-0.0252010133117437,-8.20082902919239e-07
"ENSG00000221263",-0.0434864573180676,-0.0540512502193451,0.0893909335136414,4.53802073252518e-07
"ENSG00000207624",-0.00346615118905902,-0.00333659676834941,0.00517310481518507,1.2923686654176e-06
"ENSG00000263849",-0.020937118679285,-0.0153517825528979,0.032582838088274,-4.930810064252e-06
"ENSG00000265828",-0.0745954215526581,0.0419069342315197,0.00405464554205537,1.55117304529995e-05
"ENSG00000221265",-0.0202448032796383,-0.0590060874819756,0.000985778169706464,-7.62054787628585e-06
"ENSG00000253008",-0.0102172680199146,-0.0184869114309549,0.0540940836071968,-4.42132932221284e-06
"ENSG00000221039",0.0394263900816441,0.00723380781710148,-0.0513729974627495,9.81873768068908e-07
"ENSG00000278549",-0.0525492541491985,-0.0160753577947617,0.00387537176720798,1.60950203280663e-05
"ENSG00000266619",0.00812478549778461,-0.00353826116770506,0.0272979028522968,1.52003576658899e-06
"ENSG00000266110",-0.159249484539032,-0.00235123187303543,0.0629631206393242,1.10913433672977e-05
"ENSG00000266758",-0.0883066728711128,-0.00381434033624828,0.0248627234250307,-8.84853363913862e-07
"ENSG00000275651",-0.0477279312908649,-0.0214180015027523,0.0161328390240669,-1.56432133735507e-06
"ENSG00000277723",0.0620530731976032,-0.00355621264316142,-0.0173668954521418,2.01501848096086e-06
"ENSG00000207746",-0.00952494703233242,0.000510726473294199,0.0295043438673019,-8.18602620711317e-06
"ENSG00000266043",-0.000785205222200602,0.0329040214419365,0.0324327275156975,1.62909202572337e-06
"ENSG00000199107",-0.0577529184520245,0.00587295228615403,0.00980905909091234,1.6024865772124e-06
"ENSG00000207997",-0.0200924836099148,-0.0180521383881569,-0.0241108052432537,7.13709653155092e-07
"ENSG00000275692",-0.0927386060357094,-0.014669531956315,0.0086897537112236,-5.10191057401244e-06
"ENSG00000222958",-0.045168824493885,0.0515364669263363,0.0331174582242966,2.47907119046431e-05
"ENSG00000207807",-0.0129887405782938,0.0365382395684719,-0.0253196600824594,2.05794804060133e-05
"ENSG00000264653",-0.0375424884259701,-0.0295677781105042,0.0721083506941795,2.15881004805851e-06
"ENSG00000275207",-0.0105107435956597,-0.0178430825471878,0.028808806091547,1.55223347064748e-06
"ENSG00000266618",-0.0421845652163029,-0.0213663186877966,0.0315044559538364,-1.17775807666476e-05
"ENSG00000265144",-0.0199218038469553,-0.0201954692602158,0.0047924960963428,1.27074135889416e-05
"ENSG00000278438",-0.00150853756349534,4.03267913497984e-05,0.0716858580708504,-5.01211388836964e-06
"ENSG00000265521",-0.0853146985173225,-0.0365064926445484,-0.0143528478220105,9.29062309751316e-07
"ENSG00000198995",-0.0276550445705652,-0.0262307822704315,0.026200745254755,3.93578011426143e-06
"ENSG00000263762",-0.0313981994986534,0.00740488665178418,0.00484792003408074,-2.42604194511387e-08
"ENSG00000207944",-0.0659819766879082,-0.0504329428076744,0.0485049113631248,-1.20624838473304e-06
"ENSG00000283894",-0.0238195694983006,0.00264425133354962,-0.00524996314197779,4.15068871006952e-06
"ENSG00000275652",-0.0277503188699484,-0.00949923042207956,0.0297878887504339,-9.8306327345199e-06
"ENSG00000264101",0.0179801769554615,-0.00403166003525257,0.092784970998764,-3.20692415698431e-05
"ENSG00000211580",-0.0784213095903397,0.0013184396084398,0.00722555443644524,5.60065154786571e-06
"ENSG00000275967",-0.0470444150269032,-0.0366467051208019,0.0224729180335999,1.89799254712852e-06
"ENSG00000222071",-0.0932168439030647,0.00148969166912138,0.00795140117406845,-2.06874403829715e-07
"ENSG00000221662",-0.03182303160429,-0.0169692449271679,0.0832328274846077,-3.46658475791628e-06
"ENSG00000207756",0.00280421413481236,0.00603069784119725,-0.010485720820725,-4.46324520453345e-05
"ENSG00000274280",-0.0361312553286552,-0.00699227070435882,0.023835401982069,-6.93251195116318e-06
"ENSG00000265110",-0.0214886516332626,0.000190036735148169,0.0534169301390648,-3.23611448038719e-06
"ENSG00000264881",-0.0255792215466499,-0.0405158624053001,0.0138159804046154,-2.62466187450627e-06
"ENSG00000264800",-0.080134741961956,-0.00323390937410295,0.0675413608551025,5.08453967995592e-06
"ENSG00000207622",-0.0762148648500443,-0.038662102073431,-0.0131111489608884,-6.79251115798252e-06
"ENSG00000264607",0.00488403998315334,0.000387293286621571,0.0133522395044565,-7.52305913920281e-06
"ENSG00000276770",-0.0290987137705088,-0.0200509075075388,-0.0113379154354334,5.11374992129277e-07
"ENSG00000263445",-0.0961892306804657,0.00613753218203783,0.0171945057809353,-3.10056748276111e-06
"ENSG00000207780",-0.00913861580193043,-0.00293221557512879,0.00626681512221694,4.55095641882508e-06
"ENSG00000199169",0.000587934802751988,-0.0102152274921536,-0.0141345988959074,-3.51765265804715e-06
"ENSG00000273606",-0.0297460798174143,0.000661998172290623,0.0372943319380283,2.10579486292772e-07
"ENSG00000265957",-0.0650817900896072,-0.000823697075247765,0.0233156234025955,2.22763856072561e-06
"ENSG00000207551",0.0386156104505062,0.00685449317097664,0.0124924015253782,8.45771046442678e-06
"ENSG00000273745",-0.0671685636043549,-0.0665761083364487,0.0240707844495773,-1.45657907069108e-06
"ENSG00000266517",-0.0199400447309017,0.00592323206365108,0.05114621296525,-4.33802051702514e-06
"ENSG00000221063",-0.0117909926921129,-0.0016817421419546,-0.00377705553546548,-4.99762904837553e-07
"ENSG00000265986",-0.0121477777138352,-0.0137534448876977,0.0349616818130016,-2.63197421190853e-06
"ENSG00000264566",-0.0607257708907127,0.134391769766808,0.036321833729744,-1.12978466404456e-06
"ENSG00000266320",-0.0757804289460182,-0.0184081420302391,0.0563004426658154,3.04668401440722e-06
"ENSG00000274466",0.0078784916549921,0.00638076895847917,0.0150601416826248,5.21142965226318e-06
"ENSG00000274054",-0.0151901384815574,0.00408769771456718,0.0267434250563383,-6.10748600138322e-07
"ENSG00000264572",0.0219043251127005,0.00838480889797211,0.0207381173968315,1.22991514217574e-05
"ENSG00000264741",-0.0639052391052246,-0.0220080614089966,0.0133017795160413,6.98506141816324e-07
"ENSG00000264157",-0.00754067115485668,-0.00507655087858438,0.0044833505526185,4.08361984227668e-07
"ENSG00000274380",-0.0627265498042107,-0.0459522008895874,0.0466472506523132,9.58345367507718e-07
"ENSG00000266133",0.0719621703028679,-0.0277037862688303,0.0492152571678162,3.58227657670795e-06
"ENSG00000221333",-0.0256862994283438,-0.0401917472481728,0.0356133617460728,-9.80420827545458e-06
"ENSG00000274552",-0.0803107768297195,0.0240373257547617,0.0278516337275505,1.35737991513452e-06
"ENSG00000264616",-0.0568436719477177,-0.00847201887518167,0.0276710409671068,-5.21481888426933e-06
"ENSG00000263403",-0.00521627347916365,-0.0204596277326345,0.020764546468854,-2.31637613978819e-06
"ENSG00000265810",-0.0729431137442589,0.0731055065989494,-0.004548957105726,4.64295943913839e-08
"ENSG00000264249",-0.0011109730694443,-0.00340421311557293,-0.019929513335228,7.10659833202953e-06
"ENSG00000199132",-0.00576907023787498,-0.0405957661569118,-0.0219404101371765,2.11082556234032e-06
"ENSG00000265653",-0.030425313860178,-0.00266478257253766,0.0288737937808037,-3.49704851032584e-06
"ENSG00000265442",-0.0230866614729166,-0.00396394496783614,0.0212755389511585,5.5810501180531e-06
"ENSG00000283701",-0.0450360700488091,0.00517313415184617,0.0024866929743439,-2.34876870308653e-06
"ENSG00000207701",-0.0198453422635794,-0.00103676412254572,-0.0315624922513962,-1.46857610161533e-06
"ENSG00000207653",-0.00659655127674341,-0.0311635937541723,-0.00325987860560417,-5.02982584293932e-06
"ENSG00000264408",-0.0494079701602459,-0.0458788648247719,-0.0106048146262765,-3.02189073408954e-06
"ENSG00000265932",-0.0184378884732723,-0.0213548317551613,-0.0232338234782219,7.80681261858263e-07
"ENSG00000221808",-0.0159725286066532,-0.0241032354533672,0.0497349500656128,2.5633906375333e-07
"ENSG00000207581",-0.0537407137453556,0.0356164649128914,0.0200572367757559,-1.09295331185422e-06
"ENSG00000276102",-0.0774734541773796,-0.0329636596143246,-0.0278491284698248,5.01552932519189e-08
"ENSG00000263693",-0.00523171573877335,0.0172112565487623,0.0309477262198925,-2.50419498115662e-06
"ENSG00000265929",-0.0325570553541183,-0.0232310574501753,0.0629810094833374,-1.83984673185478e-06
"ENSG00000266421",-0.00146282173227519,-0.0313424356281757,0.0431584045290947,1.17605468403781e-05
"ENSG00000266099",0.0032307649962604,0.0485804490745068,0.0249276366084814,-2.54478919714529e-07
"ENSG00000208017",-0.0472147017717361,-0.00272640306502581,-0.0350065380334854,9.04246519439766e-07
"ENSG00000266494",-0.0131859099492431,-0.00680061057209969,-0.0125119751319289,-1.23651454941864e-06
"ENSG00000277402",-0.0557707846164703,-0.0280641950666904,0.0308316498994827,-2.87752436634037e-06
"ENSG00000208005",-0.0596816278994083,-0.0137342717498541,0.0124929705634713,1.70418928746585e-07
"ENSG00000265396",-0.0252866763621569,-0.0112794879823923,0.0335287936031818,-1.08065323729534e-05
"ENSG00000275238",-0.00938571244478226,-0.0234728381037712,0.0217117797583342,-5.75191450025159e-07
"ENSG00000221630",-0.0594089291989803,0.017000425606966,-0.0159947667270899,-4.82601535622962e-06
"ENSG00000284469",-0.0293104518204927,-0.0193901434540749,0.02970508672297,7.38456083126948e-06
"ENSG00000275924",-0.0185151845216751,-0.0290767252445221,0.039195828139782,-1.01588520919904e-05
"ENSG00000263813",-0.0118748964741826,-0.00886888708919287,0.00958631746470928,-1.55339398588694e-06
"ENSG00000207995",-0.00961439032107592,-0.0211683250963688,-0.00874672085046768,2.2757035367249e-06
"ENSG00000198976",-0.112458646297455,0.000353250419721007,0.0407124608755112,-4.433054243691e-07
"ENSG00000207550",-0.0635229647159576,0.000275742408121005,0.0533172599971294,1.24070197671244e-07
"ENSG00000284498",-0.070749431848526,-0.0161368101835251,-0.0162196084856987,2.21780483116163e-05
"ENSG00000264947",-0.0390115901827812,-0.00692227017134428,0.0520855523645878,8.95279924861825e-07
"ENSG00000216192",-0.0853055045008659,-0.00189533131197095,0.0117404470220208,-6.8195108724467e-06
"ENSG00000275523",-0.0628710463643074,-0.00958938244730234,0.0348562151193619,3.29069507642998e-06
"ENSG00000266507",-0.0458940342068672,-0.019410278648138,0.0155645115301013,-3.93188230418673e-07
"ENSG00000264160",-0.0404447503387928,-0.00565351732075214,0.0120736975222826,1.37566057674121e-05
"ENSG00000264737",-0.0572338774800301,-0.0250853858888149,0.0531599558889866,-6.32718865745119e-06
"ENSG00000265612",-0.0491625517606735,-0.0311561040580273,0.0396650806069374,-2.62007802120934e-06
"ENSG00000239118",-0.0528647527098656,-0.0049783862195909,0.0118846343830228,-9.3794346867071e-07
"ENSG00000211578",-0.0606700330972672,-0.026496609672904,0.0543973818421364,1.89111676718312e-06
"ENSG00000264934",-0.0518024191260338,-0.0296543538570404,0.048637181520462,-6.10010283708107e-06
"ENSG00000207805",-0.0543712936341763,-0.0111841484904289,0.0360010005533695,-4.46563142020295e-08
"ENSG00000281842",-0.0485935620963573,-0.0319835878908634,0.0233119670301676,-6.25100165052572e-06
"ENSG00000275208",-0.0499220006167889,0.0149043314158916,0.0311881303787231,-1.24159478218644e-05
"ENSG00000266097",-0.0262825042009354,-0.03984160348773,0.02334657125175,5.66074777452741e-06
"ENSG00000283474",-0.0674062669277191,0.0378714054822922,0.0644345209002495,-1.98173365788534e-05
"ENSG00000274697",-0.0404272302985191,-0.0049996548332274,0.0462874174118042,-9.30583382796613e-07
"ENSG00000207976",-0.00915485993027687,0.0268397107720375,0.0579703561961651,1.99789446924115e-05
"ENSG00000266383",-0.0270419288426638,0.0143046099692583,0.0090874508023262,-1.16234577944851e-05
"ENSG00000283206",-0.0712218657135963,-0.0175094865262508,0.0359135717153549,2.47519551521691e-06
"ENSG00000265154",-0.0174852646887302,-0.0192913953214884,0.0529374107718468,6.42202348899445e-06
"ENSG00000215930",-0.0576811581850052,0.0147204725071788,0.0534475520253181,3.25196342600975e-05
"ENSG00000207600",0.0207167193293571,0.0106672002002597,-0.0231118742376566,8.1231820558969e-07
"ENSG00000266423",-0.00895288866013288,-0.0114897070452571,0.0455072335898876,-1.90778621345089e-07
"ENSG00000283420",-0.00674991915002465,0.00183224608190358,0.0631987899541855,1.44846865168802e-06
"ENSG00000278524",-0.0347283817827702,-0.0277526490390301,0.0408968590199947,-4.23756591771962e-06
"ENSG00000283514",-0.0439097434282303,-0.00267058820463717,0.0331910289824009,1.68684167078936e-07
"ENSG00000263407",-0.0490048192441463,-0.0238579772412777,-0.0317745506763458,2.27697273658123e-06
"ENSG00000276326",-0.00939659867435694,-0.0337623581290245,0.0351112261414528,-2.14092074202199e-06
"ENSG00000283204",-0.00328681990504265,-0.013695671223104,0.0645642578601837,3.43935226965186e-07
"ENSG00000274940",0.000971550529357046,-0.00934655033051968,-0.0261095371097326,5.77235459786607e-06
"ENSG00000207983",-0.0963486060500145,-0.0292572155594826,0.00242030993103981,-1.36084145196946e-06
"ENSG00000263742",0.00836677104234695,-0.00261926860548556,0.0327133685350418,7.80096172547928e-07
"ENSG00000207784",-0.0445518717169762,-0.0165780615061522,-0.00141830055508763,-6.02494874328841e-05
"ENSG00000263752",0.0108862621709704,-0.0291509013622999,-0.00212938594631851,-2.65332346316427e-05
"ENSG00000207552",0.00313122314400971,-0.00472610210999846,0.0133751519024372,2.68872804554121e-06
"ENSG00000207755",-0.00371008669026196,-0.0459093078970909,0.0205063931643963,-3.37428218699642e-06
"ENSG00000221650",-0.0430481098592281,0.0050129066221416,0.0345065034925938,-3.07951222566771e-06
"ENSG00000199025",-0.0847099423408508,0.00317693781107664,0.00981837790459394,3.44565137311292e-06
"ENSG00000265092",-0.0132736600935459,0.00699118059128523,-0.0154273537918925,-3.38914929898237e-07
"ENSG00000207630",-0.0266820471733809,0.00882769841700792,-0.0351878143846989,-2.58747286352445e-06
"ENSG00000265164",-0.019915159791708,-0.00234765373170376,0.00428181840106845,-1.09367715594999e-06
"ENSG00000221261",-0.0944329425692558,-0.00179538212250918,0.010843732394278,-2.92324875772465e-06
"ENSG00000265879",-0.0352055057883263,-0.012618089094758,0.0198052898049355,-2.71636072284309e-05
"ENSG00000265850",-0.0287522785365582,0.00263731018640101,0.0289833955466747,9.62676786002703e-05
"ENSG00000207943",-0.0305572617799044,-0.0162788834422827,0.00376391573809087,3.71366877516266e-06
"ENSG00000265395",0.00806531868875027,-0.0349844843149185,-0.00373049615882337,-1.18858918085607e-06
"ENSG00000221479",-0.0657598003745079,-0.0118295382708311,0.0455884113907814,-1.40063173148519e-06
"ENSG00000199012",-0.0712928101420403,0.0107658728957176,-0.016728151589632,2.79472601505404e-06
"ENSG00000207802",-0.0763842761516571,-0.0318821184337139,0.0989600494503975,-6.14744806171075e-08
"ENSG00000221264",0.00725761987268925,-0.0418536216020584,0.0228272713720798,3.71352757611021e-06
"ENSG00000265538",-0.0832343697547913,-0.0545554310083389,-0.00980194844305515,-5.87702152188285e-06
"ENSG00000207649",-0.0570521876215935,0.0457136482000351,-0.00975816044956446,2.14262470876747e-07
"ENSG00000265565",-0.082430325448513,-0.0261901319026947,0.0150347054004669,1.91537037608214e-05
"ENSG00000265418",-0.0649644359946251,-0.0110093271359801,-0.0487757064402103,-3.594635245463e-06
"ENSG00000207826",-0.0330752693116665,-0.00816423073410988,0.0261582378298044,-8.34975344332634e-06
"ENSG00000207922",-0.0594254769384861,0.0157625582069159,0.0376767814159393,-1.36057883537433e-06
"ENSG00000221788",-0.0541186593472958,0.0783680826425552,0.013083353638649,-2.39041928580264e-05
"ENSG00000264563",-0.0200790297240019,-0.00230419938452542,0.0418558418750763,8.48272247822024e-06
"ENSG00000265160",-0.0597379840910435,-0.0566191710531712,0.0303729213774204,-6.21449589743861e-06
"ENSG00000263584",-0.00902484636753798,-0.0237286072224379,0.0639650747179985,1.77866277226713e-05
"ENSG00000207698",-0.0213276352733374,0.0115442126989365,0.00490962108597159,4.08811774832429e-06
"ENSG00000207952",-0.0361789688467979,-0.0233759805560112,0.0321996547281742,1.51562335304334e-06
"ENSG00000275273",-0.0544533059000969,-0.00892995484173298,0.0200482364743948,-4.54506789537845e-06
"ENSG00000277391",-0.0604120790958405,-0.00117256992962211,0.0198843125253916,1.5837290447962e-06
"ENSG00000277942",-0.0671941637992859,-0.0429030880331993,-0.00779512198641896,-1.05587264442875e-06
"ENSG00000265028",-0.0875207260251045,-0.0163875371217728,0.0216639470309019,-5.44256045031943e-06
"ENSG00000264796",-0.0224890634417534,-0.0188164506107569,0.0493582412600517,6.74796820021584e-06
"ENSG00000207960",-0.0181594863533974,0.0206877905875444,-0.0622546896338463,-1.01686873676954e-06
"ENSG00000263409",-0.0298003759235144,-0.0174630712717772,4.67359022877645e-05,-7.64133801567368e-06
"ENSG00000273882",-0.0533992573618889,-0.000229359429795295,0.049792468547821,1.04274329260079e-06
"ENSG00000277713",-0.0289146937429905,-0.0389489009976387,0.0560803934931755,-2.47964112531918e-06
"ENSG00000266802",-0.0261529963463545,-0.0360817611217499,0.0231759790331125,1.10818837129045e-06
"ENSG00000266052",-0.0159916523844004,-0.00328472699038684,0.0332531444728374,1.82853636943037e-06
"ENSG00000263676",-0.0210076067596674,-0.0386453866958618,0.0619659088551998,-4.46905050921487e-06
"ENSG00000211563",-0.0151312658563256,-0.00862799864262342,0.0684996545314789,-5.21070614922792e-06
"ENSG00000252153",-0.0310639645904303,-0.0477338507771492,0.0580679550766945,-6.24949279881548e-07
"ENSG00000277057",-0.0190823934972286,-0.0038370625115931,0.0471304729580879,-8.60432805893652e-07
"ENSG00000199059",-0.128104940056801,0.00363433011807501,-0.00461087841540575,6.67833319312194e-06
"ENSG00000276162",-0.0612525828182697,-0.00618541147559881,0.0519392006099224,-1.28725087051862e-05
"ENSG00000273742",-0.0602069608867168,-0.0137314265593886,-0.00191022909712046,6.40864391243667e-06
"ENSG00000264309",-0.0331829190254211,-0.0406423434615135,0.0309934858232737,-2.39420018033343e-07
"ENSG00000266109",-0.048352412879467,-0.0161219127476215,0.0107199000194669,-1.18589559860993e-05
"ENSG00000265247",-0.0183351952582598,0.0674925222992897,0.0316948443651199,8.74153556651436e-07
"ENSG00000263399",-0.0817414000630379,-0.0141802839934826,0.0557628460228443,-5.22277287018369e-06
"ENSG00000275816",-0.079302616417408,-0.0412698052823544,-0.0422381013631821,-3.95475262848777e-06
"ENSG00000266760",-0.0297399684786797,-0.0344130173325539,0.0563897415995598,8.07359185728274e-07
"ENSG00000264075",-0.100632473826408,0.00823336001485586,0.0298009607940912,-8.60012107750663e-07
"ENSG00000274115",-0.0239692348986864,0.00116865360178053,0.0278938952833414,-3.6162459764455e-06
"ENSG00000221033",-0.0720829218626022,-0.0433978103101254,0.0155967511236668,-2.89481577055994e-05
"ENSG00000276083",-0.0300593879073858,-0.0184551011770964,0.051527414470911,8.8313447577093e-07
"ENSG00000266761",-0.121352910995483,0.011354117654264,0.0630596801638603,4.17023238696856e-06
"ENSG00000266063",-0.0392182432115078,-0.0530396103858948,0.00823364779353142,1.83148074484052e-06
"ENSG00000273932",0.0131752286106348,-0.0155511945486069,0.00805297121405602,3.78086551791057e-05
"ENSG00000263978",-0.0355979762971401,-0.00102741410955787,0.035656064748764,-1.00911290701333e-06
"ENSG00000266041",0.0106270285323262,-0.00364547921344638,0.0289893113076687,-3.34123660650221e-06
"ENSG00000264141",-0.0869225263595581,0.00715258810669184,0.029869606718421,-4.68894484129123e-07
"ENSG00000278756",-0.034268032759428,0.00537490984424949,0.057775367051363,-1.91505932889413e-06
"ENSG00000265617",-0.0701949596405029,0.00145132350735366,0.0209557209163904,7.61460523790447e-06
"ENSG00000207605",-0.0718935132026672,-0.0304354857653379,0.0373516269028187,1.58255761562032e-06
"ENSG00000207759",-0.0582664906978607,0.00918237119913101,0.0260333642363548,1.50487733208138e-06
"ENSG00000264069",-0.012824117206037,0.00811401475220919,-0.000695289054419845,1.51432038819621e-06
"ENSG00000266649",-0.0585208125412464,-0.00171616557054222,0.0215994343161583,-2.67811219600844e-06
"ENSG00000264099",-0.0648415088653564,-0.0149301402270794,0.0336250439286232,-5.0065671075572e-07
"ENSG00000264511",-0.0549977496266365,-0.0532871000468731,0.046598382294178,7.25875497664674e-06
"ENSG00000264089",-0.0738744735717773,-0.00740336487069726,0.0406672544777393,-1.23606139368349e-06
"ENSG00000264661",-0.0261388905346394,0.00660448428243399,0.0558695420622826,5.1777651606244e-06
"ENSG00000264483",-0.0239880383014679,0.0146563798189163,-0.0646862760186195,-2.85473561234539e-06
"ENSG00000277904",-0.0401286669075489,-8.39779531816021e-05,0.061280757188797,-1.23972779420001e-06
"ENSG00000264482",-0.0258073583245277,-0.0173617340624332,0.0289109032601118,6.60779846839432e-07
"ENSG00000252583",-0.036201786249876,0.00520433951169252,0.0696273297071457,-5.06294554725173e-06
"ENSG00000221091",-0.117186293005943,-0.00599372759461403,0.0538214109838009,5.44407430425053e-06
"ENSG00000264171",0.000400428543798625,0.00967591162770987,0.0132322693243623,-9.83379322860856e-06
"ENSG00000277202",-0.0371758453547955,-0.00465353159233928,0.0393158756196499,-7.63086006827507e-07
"ENSG00000266570",-0.0452255830168724,-0.0107228476554155,0.0355216562747955,-4.3332274799468e-05
"ENSG00000284159",-0.0232898723334074,-0.0498862601816654,0.0406125746667385,2.51625215241802e-06
"ENSG00000264084",-0.0450617857277393,-0.00984235480427742,0.0387384742498398,-8.50011019792873e-06
"ENSG00000275411",-0.0519368126988411,0.0034609823487699,0.0488244593143463,-2.108684157065e-06
"ENSG00000266738",-0.0496523678302765,-0.0135025531053543,0.0234981589019299,-9.38277207751526e-06
"ENSG00000263783",-0.0500600151717663,-0.00605290196835995,0.0203334968537092,8.14735449239379e-06
"ENSG00000199015",-0.0961750447750092,-0.000798055727500468,0.0101955775171518,-2.96782502573478e-07
"ENSG00000263750",-0.0227313004434109,-0.00228383438661695,0.0200173314660788,8.91532579316845e-07
"ENSG00000265135",-0.0241809003055096,-0.0389081351459026,0.037771038711071,2.11908036362729e-06
"ENSG00000265993",-0.018962886184454,-0.0323987677693367,0.0446599163115025,-6.81917881593108e-05
"ENSG00000221641",-0.0174893997609615,-0.0147434705868363,0.0205256026238203,-9.84701273409883e-07
"ENSG00000264037",-0.043050579726696,-0.0281937681138515,0.0528954640030861,-1.12941106635844e-05
"ENSG00000207606",-0.0275756660848856,-0.00356257916428149,0.015184735879302,1.45957631048077e-06
"ENSG00000208033",-0.0734165534377098,-0.0417098514735699,0.048688318580389,3.10345239995513e-06
"ENSG00000263593",-0.0813104510307312,-0.0125373676419258,0.00991577934473753,-2.66634560830425e-06
"ENSG00000283656",-0.0417561940848827,-0.0615457929670811,0.0307139493525028,-4.02844216296216e-06
"ENSG00000266583",-0.0816295444965363,0.0333258211612701,0.0493288226425648,-4.40709158056052e-07
"ENSG00000265089",-0.0591996423900127,0.0203233230859041,0.0190625134855509,9.31258966829773e-07
"ENSG00000274390",-0.0486095398664474,-0.0233785938471556,0.0252594761550426,-1.61327363912278e-06
"ENSG00000221771",-0.0960770100355148,-0.0265486519783735,0.0182280987501144,2.4651214403093e-07
"ENSG00000207571",-0.114482045173645,-0.00120506668463349,-0.00238835345953703,-2.92849817924434e-05
"ENSG00000207637",-0.0471053570508957,0.00249788421206176,0.0159421693533659,-7.0929340836301e-06
"ENSG00000216101",-0.0480753108859062,-0.0135154882445931,0.00635294103994966,-3.78101674414211e-07
"ENSG00000263987",-0.0132679706439376,-0.00960015412420034,0.0182804316282272,1.38205484745413e-06
"ENSG00000264792",-0.0691082701086998,-0.00980236660689116,0.0285462830215693,1.53212772602274e-06
"ENSG00000264755",-0.0316700488328934,-0.00552280247211456,0.005701694637537,2.51468350143114e-06
"ENSG00000266006",-0.0715285614132881,0.0497102476656437,0.0198065880686045,-1.40185733243925e-07
"ENSG00000207654",-0.06826201826334,0.0327871069312096,0.0256025046110153,2.50997715056656e-07
"ENSG00000207990",-0.0702997893095016,-0.0112546943128109,0.00477142259478569,2.44169973484532e-06
"ENSG00000207638",-0.100587233901024,-0.00754938554018736,0.00123168213758618,1.64994492024562e-06
"ENSG00000265281",-0.0224741846323013,0.000424645666498691,0.031890157610178,-1.97935514734127e-06
"ENSG00000278359",-0.0536421313881874,0.0335721373558044,0.00470303976908326,9.94404308585217e-06
"ENSG00000277255",-0.0643863007426262,-0.0132360886782408,0.0616200007498264,-2.77014078164939e-06
"ENSG00000275373",-0.0945675820112228,0.0154896900057793,0.0478938333690166,7.70125643612118e-06
"ENSG00000284256",0.00259369937703013,-0.00601098826155066,0.0327532701194286,5.84070630793576e-06
"ENSG00000263857",-0.0200143735855818,0.0012269337894395,0.0544533878564835,-2.34992899095232e-06
"ENSG00000212102",-0.0603744871914387,0.00283754453994334,-0.00143343722447753,-1.48681806422246e-06
"ENSG00000264377",-0.0674044713377953,0.0403049699962139,0.0081067280843854,9.43444774748059e-07
"ENSG00000276350",-0.0484962612390518,-0.0367390625178814,0.0305744763463736,-1.80694868845421e-07
"ENSG00000266890",-0.0681316778063774,0.00615492323413491,0.0357556901872158,-2.23027950596588e-06
"ENSG00000266168",0.00151443888898939,0.0224749185144901,-0.000783193798270077,-1.03235934147961e-05
"ENSG00000263858",-0.0626206621527672,0.0164033994078636,0.0101886363700032,-1.6782047396191e-06
"ENSG00000199090",-0.0529350377619267,-0.00336694833822548,0.0501433461904526,-1.86159213626524e-05
"ENSG00000264781",-0.0632657334208488,-0.036321185529232,0.0613749995827675,-3.15670195050188e-06
"ENSG00000221325",-0.0312353689223528,-0.0102255726233125,0.0364904440939426,-6.9606136321454e-07
"ENSG00000199130",-0.0580057539045811,-0.0182997044175863,0.0353955961763859,1.60221668465965e-06
"ENSG00000263909",-0.0304904170334339,-0.0382742621004581,0.0377346687018871,1.03177043797587e-07
"ENSG00000216077",-0.0753512978553772,-0.0202793274074793,0.0103883380070329,-6.20796345174313e-06
"ENSG00000263413",-0.0646074637770653,-0.0615123026072979,0.0539450719952583,-3.79913331016724e-06
"ENSG00000266655",-0.0490473285317421,-0.000515766441822052,0.0618284866213799,3.55851881295166e-07
"ENSG00000221436",-0.00955864042043686,-0.0322145856916904,0.0303842704743147,-9.5383356892853e-06
"ENSG00000266415",-0.0519217625260353,-0.0264900736510754,-0.00915965531021357,-7.5674242907553e-06
"ENSG00000221552",-0.0871756672859192,-0.013174750842154,0.0396701879799366,-1.27393232105533e-05
"ENSG00000264603",-0.0149679072201252,-0.00967795867472887,0.0301167126744986,4.39189307144261e-07
"ENSG00000198975",-0.104593351483345,-0.0648130774497986,0.0348032563924789,2.38688426179579e-06
"ENSG00000264480",-0.0308646112680435,-0.00290301023051143,0.033058874309063,-2.14767351280898e-06
"ENSG00000265691",0.00267834635451436,-0.0137628512457013,0.0243492182344198,4.4599744342122e-07
"ENSG00000254324",-0.0663859695196152,-0.0388424880802631,0.0109397806227207,-1.17793513254583e-06
"ENSG00000265421",-0.0958109647035599,-0.0216336641460657,0.0359728410840034,-2.55790723713289e-07
"ENSG00000265768",-0.0627392679452896,-0.00178359693381935,0.0250695459544659,-1.32225125071272e-06
"ENSG00000277120",-0.0577945783734322,-0.0041343355551362,0.0210478641092777,-1.9477201931295e-06
"ENSG00000264986",-0.0462518446147442,0.00238695810548961,0.0233339127153158,1.01996749890532e-06
"ENSG00000264341",-0.0505147911608219,-0.00348172057420015,0.0478485934436321,-6.63503669784404e-07
"ENSG00000277264",-0.0369636788964272,0.00186190498061478,0.0236121043562889,2.26669385483547e-06
"ENSG00000264623",-0.0272644869983196,-0.0415174849331379,0.0232023522257805,-5.26845155945921e-07
"ENSG00000266270",-0.062087643891573,0.000359799450961873,0.0292108748108149,-1.75097511601052e-06
"ENSG00000266226",-0.0571691393852234,-0.0271717291325331,0.0780021697282791,-2.60122050121936e-07
"ENSG00000207782",-0.0556731261312962,-0.0166976973414421,0.0660602003335953,-3.82284406441613e-06
"ENSG00000284585",-0.0419913269579411,-0.000792263483162969,0.0670582056045532,-1.75824163761718e-06
"ENSG00000265031",-0.0460911989212036,-0.0131339123472571,0.0268189441412687,-8.74916349857813e-06
"ENSG00000264559",-0.0608433298766613,-0.0040623233653605,0.0386593230068684,2.62657904386288e-05
"ENSG00000199104",-0.0628715753555298,-0.0295354928821325,0.0549160502851009,-3.70169254892971e-06
"ENSG00000207961",-0.0888074785470963,0.019381795078516,0.0355921685695648,3.39782076252959e-07
"ENSG00000276598",-0.0755936354398727,0.00776159530505538,0.0368214696645737,2.31535614148015e-06
"ENSG00000221753",-0.0853536427021027,-0.0049904678016901,0.0345161408185959,-1.4963518424338e-06
"ENSG00000207923",-0.0635899528861046,-0.000265865557594225,0.0345525369048119,-7.27479527995456e-06
"ENSG00000263526",-0.0881626904010773,-0.019729508087039,0.0590774901211262,1.80204983735166e-06
"ENSG00000263389",-0.0413842275738716,-0.0300240200012922,0.051280178129673,-1.65096207638271e-06
"ENSG00000274060",-0.0993044152855873,-0.011079965159297,0.0278035700321198,-9.54368351813173e-06
"ENSG00000283867",-0.0430097989737988,-0.0174412950873375,0.0382871106266975,-8.40804773361015e-07
"ENSG00000275836",-0.0592506006360054,-0.0236825682222843,0.0175133924931288,7.4975957886636e-07
"ENSG00000264399",-0.0727661997079849,0.00844669342041016,0.0365850068628788,1.7608890630072e-06
"ENSG00000207716",-0.0691340416669846,-0.0444335862994194,0.0874573811888695,-3.19166497320111e-06
"ENSG00000221120",-0.0219278167933226,-0.0144900623708963,0.0159620400518179,-1.93600698139562e-07
"ENSG00000210741",-0.114095918834209,-0.00661801593378186,0.0282243136316538,-2.24265636461496e-06
"ENSG00000264419",-0.0956709012389183,-0.014905615709722,0.0187367107719183,-8.80871721165022e-06
"ENSG00000265673",-0.00523917330428958,-0.00415543932467699,-0.00435089878737926,-1.67186428257082e-07
"ENSG00000265291",-0.112262211740017,-0.00511017953976989,0.030412407591939,-1.41376369811042e-06
"ENSG00000264583",-0.0567214079201221,0.00208693509921432,0.0460883341729641,3.64102311323222e-06
"ENSG00000208003",-0.0266333315521479,0.0025295193772763,0.0505127981305122,-4.79411210108083e-05
"ENSG00000263439",-0.0332673788070679,-0.050949078053236,0.0406802259385586,-8.36629283185175e-07
"ENSG00000264102",-0.0890775546431541,-0.000855515711009502,0.0204660054296255,4.34554152661804e-07
"ENSG00000221355",-0.0816579535603523,0.00441849464550614,0.0373069867491722,-5.73908482692786e-06
"ENSG00000266776",-0.0417959429323673,-0.026572372764349,0.037435494363308,-7.30418435068714e-07
"ENSG00000264402",-0.0390902459621429,-0.04765310510993,0.0192097090184689,-3.35472896040301e-06
"ENSG00000276753",-0.0794874727725983,-0.00122753670439124,0.0825953409075737,5.07176594055636e-07
"ENSG00000266887",-0.0574087575078011,-0.00137094012461603,0.0529153905808926,7.08611605659826e-06
"ENSG00000284388",-0.0748567283153534,-0.0268536917865276,0.0246622040867805,-2.11265069083311e-06
"ENSG00000221783",-0.0584422536194324,-0.0122540220618248,0.0372365675866604,-1.8477084040569e-06
"ENSG00000207989",-0.0670302361249924,0.00785824749618769,-0.00532615603879094,3.84658051189035e-06
"ENSG00000208023",-0.0714512020349503,-0.00771041540428996,0.0408357195556164,-1.03524803307664e-06
"ENSG00000216191",-0.069856271147728,-0.0204367004334927,0.0179556161165237,-1.50983083813117e-07
"ENSG00000216195",-0.0825747102499008,-0.0452755875885487,0.0489457845687866,-4.73225190944504e-06
"ENSG00000264060",-0.0438340082764626,-0.052241887897253,0.0609028600156307,-4.09598533224198e-06
"ENSG00000278073",-0.0590979978442192,-0.0148201053962111,0.0389504954218864,1.73339810771722e-06
"ENSG00000275167",-0.0224965419620275,-0.0648008063435555,0.0738406926393509,1.27897124002629e-06
"ENSG00000216009",-0.0503878332674503,-0.013153656385839,0.0214189141988754,-2.41272882703925e-05
"ENSG00000267195",-0.0678481981158257,-0.0328085497021675,0.0336169824004173,-7.06652656390361e-07
"ENSG00000283588",-0.0801096931099892,-0.00212959107011557,0.0285767875611782,3.09467395709362e-06
"ENSG00000263793",-0.0447884798049927,-0.0244878232479095,0.0401940084993839,-1.26677298339928e-06
"ENSG00000283180",-0.0739368572831154,-0.00856593064963818,-0.0161910336464643,-3.76876187146991e-06
"ENSG00000221214",-0.0231735985726118,-0.00178264849819243,0.0471927486360073,-5.11916323375772e-06
"ENSG00000264139",-0.0412796847522259,-0.0207652784883976,0.0341970361769199,-3.89667638955871e-06
"ENSG00000283193",-0.0650008618831635,-0.00948912743479013,0.0519846975803375,-1.02465435247723e-06
"ENSG00000212051",-0.061478890478611,-0.0472977310419083,0.0609929673373699,-7.08337438481976e-07
"ENSG00000275726",-0.0590920895338058,-0.011117042042315,0.0270262118428946,-5.95273093040305e-07
"ENSG00000265965",-0.0407637096941471,-0.0269196424633265,0.0477512516081333,2.50328469064698e-07
"ENSG00000265253",-0.0556264370679855,-0.0035071074962616,0.0511157922446728,1.04934144928848e-06
"ENSG00000265526",-0.057940598577261,-0.00568197481334209,0.0278743486851454,-1.58325258325931e-06
"ENSG00000265213",-0.0463214032351971,-0.0117157613858581,0.0221300646662712,-2.10534253142214e-07
"ENSG00000207814",-0.107711546123028,-0.0179321430623531,0.0323302373290062,-9.46439013205236e-06
"ENSG00000221698",-0.0892155468463898,-0.0634597837924957,0.0389292538166046,-6.19965476289508e-06
"ENSG00000252219",-0.048094779253006,-0.000321172527037561,0.0574096031486988,-3.42825245525091e-07
"ENSG00000265056",-0.0552089512348175,0.00550626358017325,0.025994174182415,1.52336963310518e-06
"ENSG00000221537",-0.0661667361855507,-0.0469242483377457,0.0245397016406059,-4.44216384494212e-05
"ENSG00000264274",-0.0416778363287449,-0.0589650943875313,0.0680442228913307,9.2532627604669e-07
"ENSG00000216075",-0.0571460500359535,0.00298214517533779,0.0489569641649723,-1.05082272057189e-05
"ENSG00000216005",-0.0544574335217476,0.0709027275443077,0.036332979798317,9.02189242424356e-07
"ENSG00000284229",-0.0518268533051014,-0.00833127554506063,0.0489249154925346,2.68521006319133e-07
"ENSG00000252695",-0.109806664288044,-0.0283767264336348,0.0352328233420849,2.82006521956646e-06
"ENSG00000275708",-0.104714281857014,-0.0176230557262897,0.0366586819291115,-3.06966103380546e-06
"ENSG00000207691",-0.0441112965345383,-0.00569586688652635,-0.0168789941817522,2.02696919586742e-05
"ENSG00000277919",-0.0436950959265232,0.00057813199236989,0.0253720581531525,-3.63427005822814e-07
"ENSG00000265333",-0.0836431235074997,-0.010606674477458,0.0496497973799706,-1.59007886395557e-05
"ENSG00000202569",-0.0867335647344589,-0.0473399795591831,0.044282104820013,4.41181555288495e-06
"ENSG00000284329",-0.0805296748876572,-0.0353066325187683,0.0256760288029909,-2.82342710988814e-07
"ENSG00000264712",-0.0494990982115269,-0.0269631110131741,0.0291838068515062,-5.89869705436286e-06
"ENSG00000265210",-0.0655427724123001,-0.0265998709946871,0.0513482391834259,6.44928945803258e-07
"ENSG00000266431",-0.00784404575824738,-0.0147002749145031,0.0463728755712509,6.62020556774223e-06
"ENSG00000264462",-0.0917734652757645,-0.0336722619831562,0.0158543325960636,-1.65381550232269e-06
"ENSG00000265815",-0.0550302118062973,-0.00969868060201406,0.0313412807881832,-6.50449292152189e-05
"ENSG00000276081",-0.0852460712194443,0.0133889075368643,0.0360474623739719,1.12461734147473e-07
"ENSG00000275670",-0.0674639940261841,-0.0476826839148998,0.00139363401103765,-1.96936139218451e-06
"ENSG00000265641",-0.107794523239136,-0.0463252291083336,0.0302102360874414,-6.08087293585413e-06
"ENSG00000265083",-0.0716045573353767,-0.0407812707126141,0.0227468255907297,-7.95644336903933e-06
"ENSG00000207766",-0.0769865959882736,-0.01741530187428,0.015256361104548,-5.29267117599375e-06
"ENSG00000275449",-0.0672871097922325,-0.00858943443745375,0.0426170229911804,-3.0654993565804e-07
"ENSG00000278433",-0.0144719071686268,-0.0404307283461094,0.0291667375713587,-6.31022339803167e-06
"ENSG00000266426",-0.0479857213795185,0.0880974680185318,0.0297496616840363,-3.37871983902005e-06
"ENSG00000284032",-0.0756270661950111,-0.0309510380029678,-0.00198265863582492,-1.26177667425509e-06
"ENSG00000264571",-0.0635560974478722,-0.00877139624208212,0.0379432998597622,-6.06774392508669e-06
"ENSG00000265176",-0.0471850819885731,-0.0205829050391912,0.0107230907306075,-7.61839874030557e-06
"ENSG00000207951",-0.0519870072603226,-0.0235883444547653,0.056522861123085,-7.28932491256273e-06
"ENSG00000263629",-0.0166151709854603,-0.0106584280729294,0.0505076572299004,1.81810037247487e-06
"ENSG00000207632",-0.057430699467659,-0.00547604728490114,0.0440672002732754,-2.74319609161466e-06
"ENSG00000277073",-0.0791980400681496,0.00244673574343324,0.0412079952657223,5.56570876142359e-06
"ENSG00000265976",-0.0688601955771446,-0.0458792001008987,0.034372266381979,8.35804257803829e-07
"ENSG00000283416",-0.0587700344622135,-0.0140006765723228,0.053238894790411,2.62233061221195e-06
"ENSG00000199151",-0.0924859046936035,0.00302208005450666,0.0310526583343744,-3.34974311044789e-06
"ENSG00000216135",-0.0492264628410339,-0.0131361037492752,0.0253635961562395,-7.41778933388559e-07
"ENSG00000207962",-0.0807337015867233,-0.0209201611578465,0.0457259751856327,3.09181928059843e-06
"ENSG00000283210",-0.0795475766062737,-0.0528765581548214,0.0201611928641796,1.18327614018199e-06
"ENSG00000276137",-0.0608019568026066,-0.00925195682793856,0.029808035120368,-1.04609580375836e-06
"ENSG00000264470",-0.0532599575817585,-0.0363640338182449,0.0546356365084648,4.99150587529584e-08
"ENSG00000275518",-0.0353249944746494,-0.00517836213111877,0.0350723415613174,-1.63224262905715e-06
"ENSG00000199157",-0.0105619635432959,-0.00542272813618183,-0.0223952084779739,1.81795655862516e-06
"ENSG00000263816",-0.0472507886588573,-0.0121872900053859,0.0292052403092384,-4.91868149765651e-06
"ENSG00000215952",-0.112770386040211,-0.0318070165812969,0.0476643927395344,1.20652680379862e-06
"ENSG00000199077",-0.0498680882155895,-0.0236846394836903,0.051815502345562,-7.86728264756675e-07
"ENSG00000276917",-0.0592964179813862,-0.0079376632347703,0.0286362282931805,4.35909760199138e-06
"ENSG00000266756",-0.0234445352107286,-0.00591307180002332,0.0183203052729368,-2.58125055552227e-06
"ENSG00000263838",-0.0385319329798222,-0.050565455108881,0.0572627075016499,-8.17517047835281e-06
"ENSG00000264032",-0.0321282558143139,-0.0368472039699554,0.0918360576033592,5.28260045484785e-07
"ENSG00000207773",-0.0524966940283775,-0.00269444659352303,0.0347284525632858,-0.000100737313914578
"ENSG00000264857",-0.051001351326704,-0.0026069616433233,0.040340967476368,-3.28147052641725e-07
"ENSG00000276765",-0.125479623675346,-0.055975254625082,0.0667279586195946,-4.16972682160122e-07
"ENSG00000263734",-0.0312435533851385,-0.0168731771409512,0.0649441927671432,-3.02285343423137e-06
"ENSG00000215991",-0.0636816620826721,-0.00407308991998434,0.0600823536515236,-1.5660760936953e-06
"ENSG00000264295",-0.0411415211856365,0.000258987041888759,0.0510389097034931,-9.81951416179072e-06
"ENSG00000277636",-0.0771977454423904,-0.0130747482180595,0.050000861287117,-2.15693921745697e-06
"ENSG00000266188",-0.032733328640461,-0.0172462835907936,0.0376294888556004,2.36909136219765e-06
"ENSG00000273593",-0.0368041507899761,-0.00708221457898617,0.0195980612188578,9.78722255240427e-06
"ENSG00000264580",-0.0285346042364836,-0.0263486839830875,0.0268416590988636,-8.18771866306633e-07
"ENSG00000265598",-0.0640317797660828,0.0110273882746696,0.020588606595993,-9.43619124882389e-06
"ENSG00000264536",-0.056467317044735,-0.016106965020299,0.0358046554028988,-2.03272108478814e-07
"ENSG00000265422",-0.0816146060824394,-0.0310843084007502,0.0457961745560169,-3.74120901369679e-07
"ENSG00000221604",-0.0720184147357941,-0.00279531697742641,0.0260322038084269,1.78031802988698e-06
"ENSG00000207978",-0.102496668696404,-0.0136256758123636,0.0360709503293037,1.4655546465292e-06
"ENSG00000265719",-0.0900395885109901,-0.0477971918880939,0.0463165305554867,1.08523920516745e-06
"ENSG00000273912",-0.0570045374333858,-0.0030529135838151,0.0167608242481947,-5.76337697566487e-06
"ENSG00000266808",-0.0128984386101365,-0.0201396644115448,0.0565721541643143,1.51566155182081e-06
"ENSG00000207821",-0.0683869123458862,-0.0012072428362444,0.0395821034908295,-1.66181632721418e-06
"ENSG00000263381",-0.0921053811907768,-0.00823243334889412,0.0539850294589996,-2.28360386245186e-06
"ENSG00000273700",-0.00510098366066813,-0.00475943041965365,0.0134586691856384,-3.05113189824624e-05
"ENSG00000221585",-0.0621172003448009,-0.0115086548030376,0.0400839895009995,-3.21916286338819e-06
"ENSG00000211137",-0.0649319887161255,-0.00358163379132748,0.0572564713656902,-2.05564392672386e-05
"ENSG00000207965",-0.0543069392442703,-0.00895780231803656,0.0394523367285728,-6.37025459582219e-06
"ENSG00000238399",-0.0379486866295338,-0.00986214261502028,0.0137868216261268,-1.18384434699692e-06
"ENSG00000207607",-0.0918779671192169,-0.0100890202447772,0.0433018617331982,7.92739797361719e-07
"ENSG00000207948",-0.0538044050335884,0.00230168853886425,0.0127223338931799,4.42957252744236e-06
"ENSG00000283556",-0.0948464125394821,0.0167021509259939,0.0368226878345013,2.52259042099467e-06
"ENSG00000207641",-0.0777179002761841,0.00251104682683945,0.0727513208985329,-2.66745701082982e-06
"ENSG00000264119",-0.0695358514785767,-0.0230316799134016,0.0168958604335785,-1.93679306903505e-06
"ENSG00000267200",-0.0847136974334717,-0.0362840294837952,0.0337251909077168,1.03657612271491e-06
"ENSG00000266645",-0.0310315527021885,-0.0157905351370573,0.0131776612251997,1.64243681410881e-06
"ENSG00000208013",-0.0515558570623398,-0.00708139501512051,0.00670450646430254,-2.7118444450025e-06
"ENSG00000266324",-0.0547102428972721,-0.0403724387288094,-0.0131379161030054,-1.72344175553008e-06
"ENSG00000264823",-0.0907796323299408,-0.00420171953737736,0.0522266030311584,4.9602567742113e-07
"ENSG00000278034",-0.0654911026358604,-0.0303053837269545,0.0546632669866085,2.770674882413e-06
"ENSG00000283279",-0.0906535610556602,0.0129020689055324,0.0453799553215504,5.04196623296593e-06
"ENSG00000264342",-0.0989721342921257,-0.00707550346851349,0.039705466479063,-1.00739816843998e-06
"ENSG00000283871",-0.107538960874081,-0.0316171571612358,0.0225151851773262,-1.15049817850377e-06
"ENSG00000221288",-0.0924296304583549,-0.0328934155404568,0.0105150630697608,-3.12491579279595e-06
"ENSG00000283699",-0.0432771481573582,-0.0274296067655087,0.0474547073245049,-1.40768486289744e-06
"ENSG00000221680",-0.0636983290314674,-0.00749522121623158,0.0406775549054146,-4.10994334743009e-06
"ENSG00000265596",-0.042825985699892,-0.0255902111530304,0.0314140059053898,1.99392360400452e-07
"ENSG00000284092",-0.0505852214992046,0.00271225464530289,0.0144677925854921,1.36276355533482e-06
"ENSG00000198974",-0.105465233325958,0.00282518239691854,0.0407980792224407,3.16878299599921e-07
"ENSG00000265822",-0.071595273911953,-0.0243896450847387,0.0241717491298914,-2.27825307774765e-06
"ENSG00000222831",-0.0709183737635612,-0.0350290983915329,0.0558759830892086,1.58731700139469e-06
"ENSG00000221238",-0.0470373816788197,-0.00472768070176244,0.0335538238286972,-1.74707874975866e-05
"ENSG00000264397",-0.0600008442997932,-0.0214217640459538,0.0249699261039495,-4.14095893574995e-06
"ENSG00000276221",-0.0838303789496422,-0.0088741471990943,0.0376942716538906,-7.44649150874466e-06
"ENSG00000283673",-0.0593669228255749,-0.027900081127882,0.0217519141733646,-3.94567632611142e-06
"ENSG00000266228",-0.0427068136632442,-0.01417291816324,0.0161274261772633,1.11816086700856e-06
"ENSG00000263649",-0.0458501949906349,-0.0418132245540619,0.0524338930845261,3.54862368112663e-06
"ENSG00000207639",-0.0947471186518669,-0.00653341598808765,0.0265837050974369,5.28375210251397e-07
"ENSG00000207924",-0.125696733593941,-0.0411561541259289,0.000742499541956931,-1.35097241127369e-06
"ENSG00000275334",-0.054782010614872,-0.0122098280116916,0.0398751720786095,-2.41528277911129e-06
"ENSG00000263785",-0.0572780221700668,-0.0136170517653227,0.0388998948037624,9.93862386167166e-07
"ENSG00000263790",-0.0748186856508255,0.00256280018948019,0.03954166918993,-1.13672899715311e-06
"ENSG00000283561",-0.0948378965258598,0.0156920067965984,0.00526190456002951,2.15069348996622e-06
"ENSG00000207776",-0.0807158946990967,-0.0253577958792448,0.0555653013288975,4.79473555969889e-07
"ENSG00000283532",-0.0980113744735718,-0.013594027608633,0.0665474459528923,-8.73534463607939e-06
"ENSG00000277474",-0.0312131848186255,-0.0145908901467919,0.00886993482708931,1.50043870235095e-05
"ENSG00000274932",-0.0626488551497459,-0.0337683968245983,0.0291176922619343,-1.08846495550097e-06
"ENSG00000276835",-0.0689641088247299,-0.0396874882280827,0.0517636723816395,-2.44408261096396e-06
"ENSG00000264763",-0.069443553686142,-0.0104645444080234,0.0518722422420979,-4.16698958360939e-06
"ENSG00000199109",-0.107509329915047,-0.00844179932028055,0.0270638056099415,-2.79532468994148e-06
"ENSG00000266215",-0.0696917772293091,0.0060370322316885,0.0329810865223408,3.62072327675378e-08
"ENSG00000221760",-0.0402992106974125,-0.0550364330410957,0.0574288330972195,-5.06206106365426e-07
"ENSG00000265331",-0.079925999045372,-0.0253484304994345,0.0219288300722837,-8.15014345789677e-07
"ENSG00000263973",-0.0379267558455467,-0.00995105784386396,0.00951216649264097,3.20410640597402e-06
"ENSG00000284034",-0.054802481085062,0.00143935310188681,0.0273288898169994,-3.02611624647398e-06
"ENSG00000266525",-0.056462749838829,-0.0301889888942242,0.044090174138546,-9.94765159134658e-08
"ENSG00000264158",-0.0892483964562416,-0.011436665430665,0.0354409068822861,-1.51025187733467e-06
"ENSG00000266144",-0.0703101083636284,-0.0379286929965019,0.0448430329561234,1.94572908185364e-06
"ENSG00000251862",-0.0720126926898956,-0.0100307874381542,0.0450415648519993,-1.80997085408308e-06
"ENSG00000207739",-0.0744088292121887,-0.0117901787161827,0.0495545975863934,-2.85947476186266e-06
"ENSG00000221545",-0.0538567379117012,-0.00868415832519531,0.0325410403311253,8.74907016168436e-07
"ENSG00000265172",-0.0287874005734921,-0.032926969230175,0.0142892450094223,-4.98963618156267e-06
"ENSG00000207797",-0.0598869286477566,-0.0455192066729069,0.0409505143761635,-8.23848768050084e-06
"ENSG00000207626",-0.0392260029911995,-0.0161020513623953,0.00860310066491365,-3.73823750123847e-05
"ENSG00000207935",-0.101632781326771,-0.0167473759502172,0.0423456393182278,-7.70496717450442e-06
"ENSG00000207582",-0.0979600474238396,-0.0397929139435291,0.024874484166503,1.18528555503872e-06
"ENSG00000221710",-0.0780858248472214,-0.00220986944623291,0.0445575751364231,1.36415326323913e-06
"ENSG00000274988",-0.0770799368619919,-0.0114233400672674,0.0581623762845993,8.51414142744034e-07
"ENSG00000283281",-0.0602209493517876,-0.0306044649332762,0.0392453037202358,-3.19777109325514e-06
"ENSG00000266305",-0.0569126456975937,-0.0462602749466896,0.049218162894249,-2.40609529100766e-06
"ENSG00000283793",-0.0509935356676579,-0.0131079284474254,0.0425978265702724,5.84747886023251e-06
"ENSG00000222532",-0.0674932450056076,0.0547488145530224,0.0561021119356155,-1.39294650125521e-06
"ENSG00000221227",-0.105469755828381,0.00168868224136531,0.0382510758936405,-5.45616103408975e-06
"ENSG00000207712",-0.0523883029818535,-0.0102789374068379,0.0406425558030605,4.9154955377162e-06
"ENSG00000221331",-0.0532352514564991,-0.0128698982298374,0.0518407933413982,-1.26911038478283e-06
"ENSG00000207730",-0.103698447346687,-0.0193373542279005,0.00644488679245114,2.56650287155935e-06
"ENSG00000265140",-0.0770267993211746,-0.0221041664481163,-0.00404081027954817,-8.96348410606151e-06
"ENSG00000264110",-0.0505565479397774,-0.0095954155549407,0.0395788066089153,1.58117472892627e-06
"ENSG00000276656",-0.07994145154953,-0.0121595971286297,0.0355695076286793,7.08994832621102e-07
"ENSG00000207982",-0.0726580694317818,-0.0211381390690804,0.0128211146220565,-1.53617122577998e-07
"ENSG00000207994",-0.0735692232847214,-0.00900277774780989,0.0594524629414082,-3.45903731613362e-06
"ENSG00000275453",-0.0826419591903687,-0.0250435285270214,0.044407919049263,9.46643240240519e-07
"ENSG00000283146",-0.052727397531271,-0.0493980273604393,0.0332423187792301,-1.64342418429442e-05
"ENSG00000275842",-0.0807490050792694,-0.0379912927746773,0.0308087505400181,5.8892393184351e-08
"ENSG00000221296",-0.0694528892636299,-0.0220686048269272,0.0448916368186474,-1.47039941111871e-06
"ENSG00000266262",-0.0980928912758827,-0.0374001786112785,0.0332402735948563,7.52965343053802e-06
"ENSG00000264090",-0.0641112849116325,-0.00367206754162908,0.0680586919188499,2.58824570664729e-07
"ENSG00000278278",-0.0574408322572708,-0.00221121590584517,0.02467324398458,-5.87938438911806e-06
"ENSG00000221782",-0.0709786266088486,-0.0392548590898514,0.0421273708343506,5.05041022336172e-08
"ENSG00000264678",-0.0746084600687027,-0.0230647996068001,0.0464990101754665,2.56236717177671e-06
"ENSG00000221476",-0.0459824725985527,0.00289989775046706,0.0473514832556248,-2.87385455521871e-06
"ENSG00000263615",-0.0771951004862785,-0.020579120144248,0.0214234888553619,3.49375056885037e-07
"ENSG00000275067",-0.0689681619405746,-0.0332296378910542,0.0478186681866646,-3.16698589131192e-07
"ENSG00000264013",-0.0330868512392044,-0.00919886957854033,0.0367690734565258,-1.56609639816452e-05
"ENSG00000263642",-0.114863857626915,-0.0307261571288109,0.0538459233939648,-7.71437612456793e-07
"ENSG00000221036",-0.0824206322431564,-0.00829890836030245,0.0310272015631199,3.17040758091025e-07
"ENSG00000274314",-0.0439656488597393,-0.00960973184555769,0.0263004340231419,-6.04124579695053e-07
"ENSG00000273778",-0.0559602044522762,-0.00283617270179093,0.0463437363505363,1.25791288496657e-07
"ENSG00000275101",-0.0583521798253059,-0.0210382714867592,0.043633121997118,-8.13839903912594e-07
"ENSG00000283506",-0.045749519020319,-0.00816620420664549,0.0428930632770061,1.0427107781652e-06
"ENSG00000198997",-0.0657319203019142,-0.000474439410027117,0.0370147749781609,-1.88213346064003e-06
"ENSG00000198982",-0.0818780437111855,-0.00602232618257403,0.0415584519505501,3.03576371152303e-07
"ENSG00000278449",-0.0884537622332573,-0.0165665466338396,0.0406581908464432,-4.55667895948864e-06
"ENSG00000266180",-0.0555046014487743,-0.0261700376868248,0.041791170835495,-2.0571415006998e-06
"ENSG00000266206",-0.038228951394558,-0.028967147693038,0.0448461920022964,-5.27139718542458e-07
"ENSG00000207651",-0.0429506599903107,-0.0163821466267109,0.0244576167315245,-5.39335587745882e-07
"ENSG00000264725",-0.0867752581834793,-0.0307800900191069,0.0193711426109076,-1.60160152518074e-06
"ENSG00000275451",-0.0563515648245811,-0.00267385225743055,0.0285520721226931,1.36815128826129e-06
"ENSG00000265258",-0.0674280822277069,0.038306713104248,0.0246389675885439,6.46464968667715e-07
"ENSG00000207692",-0.0830730348825455,-0.00374366855248809,0.0473133623600006,-1.16492162760551e-06
"ENSG00000207583",-0.0845010951161385,-0.0156769901514053,0.0212483983486891,-4.6459472287097e-06
"ENSG00000202601",-0.0693990215659142,-0.00306149898096919,0.0358250923454762,-5.70303473068634e-06
"ENSG00000207827",-0.0501035861670971,-0.0179217904806137,0.0398716442286968,-5.56283293917659e-06
"ENSG00000283159",-0.106946662068367,-0.00839063338935375,0.0211440697312355,-1.33174980874173e-05
"ENSG00000276270",-0.0694531872868538,-0.0484967306256294,0.0789975002408028,-2.985797209476e-06
"ENSG00000208004",-0.122350968420506,-0.0102178836241364,0.0197117738425732,-2.34208482652321e-06
"ENSG00000266150",-0.082562156021595,-0.0227809678763151,0.0560454204678535,6.16042825640761e-07
"ENSG00000207820",-0.0585502758622169,-0.0134452916681767,0.0293922554701567,4.73911995868548e-06
"ENSG00000211991",-0.0476350039243698,-0.00386337796226144,0.0157892722636461,4.71547082270263e-07
"ENSG00000208025",-0.0513184815645218,-0.0163358226418495,0.0341399274766445,-1.2601007028934e-06
"ENSG00000265694",-0.0458467081189156,-0.0396139174699783,0.0459664463996887,-2.51971573561605e-06
"ENSG00000283419",-0.0812152102589607,-0.0273774676024914,0.0545510612428188,-6.04508898049971e-07
"ENSG00000266617",-0.0872128531336784,-0.0317417569458485,0.0695235654711723,2.30217142416222e-06
"ENSG00000194717",-0.0803884789347649,-0.00833736080676317,0.0190682150423527,-3.11559642796055e-06
"ENSG00000284518",-0.0295323487371206,-0.0672082975506783,0.0601197555661201,7.21578726370353e-06
"ENSG00000266012",-0.0865617990493774,0.00649877544492483,0.0425354912877083,-2.34807862398156e-06
"ENSG00000273836",-0.0685149356722832,-0.0175272263586521,0.0411574691534042,-2.71749868261395e-05
"ENSG00000202560",-0.0907583013176918,-0.00337769882753491,0.0315675884485245,4.94385812999099e-06
"ENSG00000265181",-0.0546893067657948,-0.0170498099178076,0.0339077115058899,1.38690609219339e-07
"ENSG00000207993",-0.0955266356468201,-0.0188390035182238,0.0185990203171968,5.35460458195303e-06
"ENSG00000221594",-0.0665253549814224,-0.0519381761550903,0.0278991889208555,-7.48110687709413e-06
"ENSG00000265251",-0.0884303078055382,-0.0233193710446358,0.0508792400360107,-2.27978239308868e-06
"ENSG00000275141",-0.0726989954710007,-0.00461035454645753,0.0678065717220306,-7.57653140226466e-08
"ENSG00000283188",-0.0995198786258698,-0.0122045623138547,0.0553254783153534,2.84959128293849e-07
"ENSG00000212040",-0.100366845726967,-0.0337037555873394,0.0268055647611618,4.44065250349013e-07
"ENSG00000276769",-0.0486457757651806,-0.0296404398977757,0.0543041005730629,-2.21021332436067e-06
"ENSG00000263831",-0.0513175539672375,-0.0481463707983494,0.06685671210289,-1.80143263150967e-06
"ENSG00000264493",-0.122231408953667,-0.0440669544041157,0.0299075581133366,-6.13209294897388e-06
"ENSG00000265510",-0.0585742704570293,-0.011280320584774,0.0469831191003323,2.71039061772171e-06
"ENSG00000263456",-0.0534613318741322,-0.00908803194761276,0.0471060313284397,1.43822535392246e-06
"ENSG00000264658",-0.0780807286500931,-0.0132219642400742,0.0406443476676941,-1.38375685310166e-06
"ENSG00000207934",-0.0744692087173462,-0.0124315759167075,0.0261587630957365,-2.89282479570829e-06
"ENSG00000264024",-0.0677790865302086,-0.0489824004471302,0.0617971085011959,-1.01720088423463e-05
"ENSG00000265064",-0.0551341585814953,-0.00438054092228413,0.00688339862972498,-2.09214533697377e-07
"ENSG00000265433",-0.0700360536575317,-0.0121450563892722,0.0393208004534245,-3.96978202843457e-06
"ENSG00000207714",-0.0619659684598446,-0.0481212064623833,0.0332782231271267,-4.60963605064535e-07
"ENSG00000266719",-0.0644152089953423,-0.0367981530725956,0.0406109653413296,3.64893858204596e-05
"ENSG00000283572",-0.0561389364302158,-0.0316796526312828,0.0544456318020821,1.09837117179268e-06
